Time,SERIAL_NUM,Barcode,SLDR_TAB,WORK_ORDER,SUB_BUILD_GROUP,STATE_FLG,Operation,LUL_FAIL,LUL_FAIL_TXT,HD_NUM,LAST_LOAD_ID,RELOAD_INDEX,ConveyTime,ProcessTime,ErrorCodes,OperationTime,MachineTime,WaitTime,MdicSerialNum,CycleCount,HSETSWzVis_SliderCenter_X_Robot,HSETSWzVis_SliderCenter_Y_Robot,HSETSWzVis_SliderCenter_T_Robot,HSETSWzVis_SliderCenter_X_Sets,HSETSWzVis_SliderCenter_Y_Sets,HSETSWzVis_SliderCenter_T_Sets,HSETSWzVis_SliderPresent,HSETSWzVis_ClawSetsOffset,HSETSWzVis_Filename,ConfocalSliderZ,UnloadHover,TrayPickTip_X_rel_center,TrayPickTip_Y_rel_center,TrayPickTip_T_abs_deg,TrayPickTip_ContamArea,TrayPickTip_ContamCount,TrayPickTip_Filename,TrayPlace_X_abs,TrayPlace_X_rel_center,TrayPlace_Y_abs,TrayPlace_Y_rel_center,TrayPlace_T_abs_deg,TrayPlace_Filename,TrayPick_X_abs,TrayPick_X_rel_center,TrayPick_Y_abs,TrayPick_Y_rel_center,TrayPick_T_abs_deg,TrayPick_Filename,LoadPickTip_X_rel_center,LoadPickTip_Y_rel_center,LoadPickTip_T_abs_deg,LoadPickTip_ContamArea,LoadPickTip_ContamCount,LoadPickTip_Filename,BondPad_YOffset,BondPad_SliderAngleDeg,BondPad_SliderZPixels,BondPad_Filename,OCR_SliderOCR,OCR_SliderTopZ_Pixel,OCR_SliderThickness_Pixel,OCR_RemoteOcrRan,OCR_SliderThickness_MM,OCR_RemoteOcr_ErrorMessage,OCR_Filename,Y_INSTALL_BIAS,SETSWzVis_SliderCenter_X_Robot,SETSWzVis_SliderCenter_Y_Robot,SETSWzVis_SliderCenter_T_Robot,OPENED_SETS_GAP,SETSWzVis_SliderPresent,SETSWzVis_ClawSetsOffset,SETSWzVis_Filename,OPENED_SETS_Z,LoadOvertravelInitial,LoadOvertravelZAdjust,OPENED_SETS_PSA,OPENED_SETS_RSA,OPEN_SETS_RPSA_SetsRmsError,CLOSED_SETS_PSA,CLOSED_SETS_RSA,CLOSED_SETS_RPSA_SetsRmsError,SLIDER_SETS_PSA,SLIDER_SETS_RSA,HSETS_RPSA_SetsRmsError,SLIDER_PSA,SLIDER_RSA,HSETS_RPSA_SliderRmsError,SLIDER_SETS_GAP1,SLIDER_SETS_GAP2,SLIDER_SETS_GAP3,SLIDER_SETS_GAP4,SS_PITCH_DELTA,SS_ROLL_DELTA,HSETS_RPSA_SLIDER_PSA_RAW,HSETS_RPSA_SLIDER_RSA_RAW,RPSA_RETRY_COUNT,PreadjustedSETSWzVis_SliderCenter_X_Robot,PreadjustedSETSWzVis_SliderCenter_Y_Robot,PreadjustedSETSWzVis_SliderCenter_T_Robot,PreadjustedSETSWzVis_OPENED_SETS_GAP,PreadjustedSETSWzVis_SliderPresent,PreadjustedSETSWzVis_ClawSetsOffset,PreadjustedSETSWzVis_Filename,SetsOpenCountAdjustment,SetsZDownTime,SetsXOpenTime,SetsXCloseTime,SetsZUpTime,PickTipSerialNumber,PTHealth_XYDrift,PTHealth_ZDelta,PTHealth_Angle,PTHealth_Aspect,PTHealth_Acirc,PTHealth_Area,PTHealth_FlowWithPart,PTHealth_FlowWithoutPart,PTHealth_HealthCheckResult,PTHealth_OperationsSinceLastInspect,PTHealth_ImageFilename,RefPlance_Plane,RefPlance_RmsError,PostTrayPlace_X_abs,PostTrayPlace_X_rel_center,PostTrayPlace_Y_abs,PostTrayPlace_Y_rel_center,PostTrayPlace_T_abs_deg,PostTrayPlace_Filename,MinideckTemperature,AdditionalImageList,
2024-09-26 12:37:26.764,B043663Q,B043663Q749814400_C,Dn,CMPEM01D-0,CMPEM01D-0,0,Release;NoOperation,0,NONE,0,240925040256_ZCL102,0,19.2897925,0.6054955,,,,,B043663Q,,,,,,,,,,,,,,,,,,,,,,,,,,,,,,,,,,,,,,,,,,,,,,,,,,,,,,,,,,,,,,,,,,,,,,,,,,,,,,,,,,,,,,,,,,,,,,,,,,,,,,,,,,,,,,,,,,
2024-09-26 12:37:32.722,B04Q464X,B04Q464X749814400_C,Dn,CMPEM01D-0,CMPEM01D-0,0,Release;NoOperation,0,NONE,0,240925040446_ZCL102,0,5.4013402,0.5567272,,,,,B04Q464X,,,,,,,,,,,,,,,,,,,,,,,,,,,,,,,,,,,,,,,,,,,,,,,,,,,,,,,,,,,,,,,,,,,,,,,,,,,,,,,,,,,,,,,,,,,,,,,,,,,,,,,,,,,,,,,,,,
2024-09-26 12:37:37.166,B07E150S,B07E150S755093600_A,Dn,CMPEM01D-0,CMPEM01D-0,0,Release;NoOperation,0,NONE,0,240925040419_ZCL102,0,3.8702269,0.5733669,,,,,B07E150S,,,,,,,,,,,,,,,,,,,,,,,,,,,,,,,,,,,,,,,,,,,,,,,,,,,,,,,,,,,,,,,,,,,,,,,,,,,,,,,,,,,,,,,,,,,,,,,,,,,,,,,,,,,,,,,,,,
2024-09-26 12:37:42.292,B04AB634,B04AB634749814400_C,Dn,CMPEM01D-0,CMPEM01D-0,0,Release;NoOperation,0,NONE,0,240925035926_ZCL102,0,4.5543916,0.5721865,,,,,B04AB634,,,,,,,,,,,,,,,,,,,,,,,,,,,,,,,,,,,,,,,,,,,,,,,,,,,,,,,,,,,,,,,,,,,,,,,,,,,,,,,,,,,,,,,,,,,,,,,,,,,,,,,,,,,,,,,,,,
2024-09-26 12:37:47.583,B04L764G,B04L764G749814400_C,Dn,CMPEM01D-0,CMPEM01D-0,0,Release;NoOperation,0,NONE,0,240925040630_ZCL102,0,4.6891339,0.6020835,,,,,B04L764G,,,,,,,,,,,,,,,,,,,,,,,,,,,,,,,,,,,,,,,,,,,,,,,,,,,,,,,,,,,,,,,,,,,,,,,,,,,,,,,,,,,,,,,,,,,,,,,,,,,,,,,,,,,,,,,,,,
2024-09-26 12:37:50.738,B049950J,B049950J749814400_C,Dn,CMPEM01D-0,CMPEM01D-0,0,Release;NoOperation,0,NONE,0,240925040626_ZCL102,0,2.6155399,0.540868,,,,,B049950J,,,,,,,,,,,,,,,,,,,,,,,,,,,,,,,,,,,,,,,,,,,,,,,,,,,,,,,,,,,,,,,,,,,,,,,,,,,,,,,,,,,,,,,,,,,,,,,,,,,,,,,,,,,,,,,,,,
2024-09-26 12:37:53.347,B04E541B,B04E541B749814400_A,Dn,CMPEM01D-0,CMPEM01D-0,0,Release;NoOperation,0,NONE,0,240925035843_ZCL102,0,2.0192626,0.5887832,,,,,B04E541B,,,,,,,,,,,,,,,,,,,,,,,,,,,,,,,,,,,,,,,,,,,,,,,,,,,,,,,,,,,,,,,,,,,,,,,,,,,,,,,,,,,,,,,,,,,,,,,,,,,,,,,,,,,,,,,,,,
2024-09-26 12:40:06.880,B04J0744,B04J0744749814400_C,Dn,CMPEM01D-0,CMPEM01D-0,0,Release;NoOperation,0,NONE,0,240925040229_ZCL102,0,132.9460675,0.5850564,,,,,B04J0744,,,,,,,,,,,,,,,,,,,,,,,,,,,,,,,,,,,,,,,,,,,,,,,,,,,,,,,,,,,,,,,,,,,,,,,,,,,,,,,,,,,,,,,,,,,,,,,,,,,,,,,,,,,,,,,,,,
2024-09-26 12:40:09.973,B04J861F,B04J861F749814400_C,Dn,CMPEM01D-0,CMPEM01D-0,0,Release;NoOperation,0,NONE,0,240925035949_ZCL102,0,2.5219669,0.5702031,,,,,B04J861F,,,,,,,,,,,,,,,,,,,,,,,,,,,,,,,,,,,,,,,,,,,,,,,,,,,,,,,,,,,,,,,,,,,,,,,,,,,,,,,,,,,,,,,,,,,,,,,,,,,,,,,,,,,,,,,,,,
2024-09-26 12:40:12.925,B04L765Y,B04L765Y749814400_C,Dn,CMPEM01D-0,CMPEM01D-0,0,Release;NoOperation,0,NONE,0,240925040312_ZCL102,0,2.3830249,0.5700973,,,,,B04L765Y,,,,,,,,,,,,,,,,,,,,,,,,,,,,,,,,,,,,,,,,,,,,,,,,,,,,,,,,,,,,,,,,,,,,,,,,,,,,,,,,,,,,,,,,,,,,,,,,,,,,,,,,,,,,,,,,,,
2024-09-26 12:40:15.831,B04J864K,B04J864K749814400_C,Dn,CMPEM01D-0,CMPEM01D-0,0,Release;NoOperation,0,NONE,0,240925040454_ZCL102,0,2.3395076,0.5658975,,,,,B04J864K,,,,,,,,,,,,,,,,,,,,,,,,,,,,,,,,,,,,,,,,,,,,,,,,,,,,,,,,,,,,,,,,,,,,,,,,,,,,,,,,,,,,,,,,,,,,,,,,,,,,,,,,,,,,,,,,,,
2024-09-26 12:40:18.660,B046173Y,B046173Y749814400_C,Dn,CMPEM01D-0,CMPEM01D-0,0,Release;NoOperation,0,NONE,0,240925040157_ZCL102,0,2.2581262,0.5720202,,,,,B046173Y,,,,,,,,,,,,,,,,,,,,,,,,,,,,,,,,,,,,,,,,,,,,,,,,,,,,,,,,,,,,,,,,,,,,,,,,,,,,,,,,,,,,,,,,,,,,,,,,,,,,,,,,,,,,,,,,,,
2024-09-26 12:40:21.488,B043660J,B043660J749814400_C,Dn,CMPEM01D-0,CMPEM01D-0,0,Release;NoOperation,0,NONE,0,240925040119_ZCL102,0,2.2621174,0.5642982,,,,,B043660J,,,,,,,,,,,,,,,,,,,,,,,,,,,,,,,,,,,,,,,,,,,,,,,,,,,,,,,,,,,,,,,,,,,,,,,,,,,,,,,,,,,,,,,,,,,,,,,,,,,,,,,,,,,,,,,,,,
2024-09-26 12:40:24.393,B04N362P,B04N362P749814400_C,Dn,CMPEM01D-0,CMPEM01D-0,0,Release;NoOperation,0,NONE,0,240925040510_ZCL102,0,2.3055785,0.6008141,,,,,B04N362P,,,,,,,,,,,,,,,,,,,,,,,,,,,,,,,,,,,,,,,,,,,,,,,,,,,,,,,,,,,,,,,,,,,,,,,,,,,,,,,,,,,,,,,,,,,,,,,,,,,,,,,,,,,,,,,,,,
2024-09-26 12:40:27.205,B04G753E,B04G753E749814400_C,Dn,CMPEM01D-0,CMPEM01D-0,0,Release;NoOperation,0,NONE,0,240925040518_ZCL102,0,2.2611235,0.5503658,,,,,B04G753E,,,,,,,,,,,,,,,,,,,,,,,,,,,,,,,,,,,,,,,,,,,,,,,,,,,,,,,,,,,,,,,,,,,,,,,,,,,,,,,,,,,,,,,,,,,,,,,,,,,,,,,,,,,,,,,,,,
2024-09-26 12:40:30.079,B04N360G,B04N360G749814400_C,Dn,CMPEM01D-0,CMPEM01D-0,0,Release;NoOperation,0,NONE,0,240925040239_ZCL102,0,2.3196053,0.5550929,,,,,B04N360G,,,,,,,,,,,,,,,,,,,,,,,,,,,,,,,,,,,,,,,,,,,,,,,,,,,,,,,,,,,,,,,,,,,,,,,,,,,,,,,,,,,,,,,,,,,,,,,,,,,,,,,,,,,,,,,,,,
2024-09-26 12:40:40.708,B043661M,B043661M749814400_C,Dn,CMPEM01D-0,CMPEM01D-0,0,Release;NoOperation,0,NONE,0,240925040150_ZCL102,0,10.0608835,0.5675928,,,,,B043661M,,,,,,,,,,,,,,,,,,,,,,,,,,,,,,,,,,,,,,,,,,,,,,,,,,,,,,,,,,,,,,,,,,,,,,,,,,,,,,,,,,,,,,,,,,,,,,,,,,,,,,,,,,,,,,,,,,
2024-09-26 12:40:43.598,B04AB64B,B04AB64B749814400_C,Dn,CMPEM01D-0,CMPEM01D-0,0,Release;NoOperation,0,NONE,0,240925040127_ZCL102,0,2.305775,0.5833362,,,,,B04AB64B,,,,,,,,,,,,,,,,,,,,,,,,,,,,,,,,,,,,,,,,,,,,,,,,,,,,,,,,,,,,,,,,,,,,,,,,,,,,,,,,,,,,,,,,,,,,,,,,,,,,,,,,,,,,,,,,,,
2024-09-26 12:40:46.410,B042260X,B042260X749814400_C,Dn,CMPEM01D-0,CMPEM01D-0,0,Release;NoOperation,0,NONE,0,240925040018_ZCL102,0,2.215548,0.5961687,,,,,B042260X,,,,,,,,,,,,,,,,,,,,,,,,,,,,,,,,,,,,,,,,,,,,,,,,,,,,,,,,,,,,,,,,,,,,,,,,,,,,,,,,,,,,,,,,,,,,,,,,,,,,,,,,,,,,,,,,,,
2024-09-26 12:40:49.253,B04N366N,B04N366N749814400_C,Dn,CMPEM01D-0,CMPEM01D-0,0,Release;NoOperation,0,NONE,0,240925040302_ZCL102,0,2.291908,0.5525723,,,,,B04N366N,,,,,,,,,,,,,,,,,,,,,,,,,,,,,,,,,,,,,,,,,,,,,,,,,,,,,,,,,,,,,,,,,,,,,,,,,,,,,,,,,,,,,,,,,,,,,,,,,,,,,,,,,,,,,,,,,,
2024-09-26 12:40:52.112,B043669C,B043669C749814400_C,Dn,CMPEM01D-0,CMPEM01D-0,0,Release;NoOperation,0,NONE,0,240925040614_ZCL102,0,2.2796285,0.57778,,,,,B043669C,,,,,,,,,,,,,,,,,,,,,,,,,,,,,,,,,,,,,,,,,,,,,,,,,,,,,,,,,,,,,,,,,,,,,,,,,,,,,,,,,,,,,,,,,,,,,,,,,,,,,,,,,,,,,,,,,,
2024-09-26 12:40:54.955,B04N3666,B04N3666749814400_C,Dn,CMPEM01D-0,CMPEM01D-0,0,Release;NoOperation,0,NONE,0,240925040219_ZCL102,0,2.2530359,0.59264,,,,,B04N3666,,,,,,,,,,,,,,,,,,,,,,,,,,,,,,,,,,,,,,,,,,,,,,,,,,,,,,,,,,,,,,,,,,,,,,,,,,,,,,,,,,,,,,,,,,,,,,,,,,,,,,,,,,,,,,,,,,
2024-09-26 12:40:57.818,B04J862Y,B04J862Y749814400_C,Dn,CMPEM01D-0,CMPEM01D-0,0,Release;NoOperation,0,NONE,0,240925040526_ZCL102,0,2.2596306,0.6035171,,,,,B04J862Y,,,,,,,,,,,,,,,,,,,,,,,,,,,,,,,,,,,,,,,,,,,,,,,,,,,,,,,,,,,,,,,,,,,,,,,,,,,,,,,,,,,,,,,,,,,,,,,,,,,,,,,,,,,,,,,,,,
2024-09-26 12:41:00.615,B07E1529,B07E1529755093600_A,Dn,CMPEM01D-0,CMPEM01D-0,0,Release;NoOperation,0,NONE,0,240925040350_ZCL102,0,2.2561025,0.5386338,,,,,B07E1529,,,,,,,,,,,,,,,,,,,,,,,,,,,,,,,,,,,,,,,,,,,,,,,,,,,,,,,,,,,,,,,,,,,,,,,,,,,,,,,,,,,,,,,,,,,,,,,,,,,,,,,,,,,,,,,,,,
2024-09-26 12:41:03.473,B0733517,B0733517755093600_A,Dn,CMPEM01D-0,CMPEM01D-0,0,Release;NoOperation,0,NONE,0,240925035922_ZCL102,0,2.2774481,0.5825618,,,,,B0733517,,,,,,,,,,,,,,,,,,,,,,,,,,,,,,,,,,,,,,,,,,,,,,,,,,,,,,,,,,,,,,,,,,,,,,,,,,,,,,,,,,,,,,,,,,,,,,,,,,,,,,,,,,,,,,,,,,
2024-09-26 12:41:06.285,B04J073M,B04J073M749814400_C,Dn,CMPEM01D-0,CMPEM01D-0,0,Release;NoOperation,0,NONE,0,240925040637_ZCL102,0,2.2126954,0.596911,,,,,B04J073M,,,,,,,,,,,,,,,,,,,,,,,,,,,,,,,,,,,,,,,,,,,,,,,,,,,,,,,,,,,,,,,,,,,,,,,,,,,,,,,,,,,,,,,,,,,,,,,,,,,,,,,,,,,,,,,,,,
2024-09-26 12:41:09.113,B04Q4686,B04Q4686749814400_C,Dn,CMPEM01D-0,CMPEM01D-0,0,Release;NoOperation,0,NONE,0,240925040514_ZCL102,0,2.2772506,0.5504859,,,,,B04Q4686,,,,,,,,,,,,,,,,,,,,,,,,,,,,,,,,,,,,,,,,,,,,,,,,,,,,,,,,,,,,,,,,,,,,,,,,,,,,,,,,,,,,,,,,,,,,,,,,,,,,,,,,,,,,,,,,,,
2024-09-26 12:41:11.971,B04J8684,B04J8684749814400_C,Dn,CMPEM01D-0,CMPEM01D-0,0,Release;NoOperation,0,NONE,0,240925040600_ZCL102,0,2.2914779,0.5675821,,,,,B04J8684,,,,,,,,,,,,,,,,,,,,,,,,,,,,,,,,,,,,,,,,,,,,,,,,,,,,,,,,,,,,,,,,,,,,,,,,,,,,,,,,,,,,,,,,,,,,,,,,,,,,,,,,,,,,,,,,,,
2024-09-26 12:41:14.814,B04J8688,B04J8688749814400_C,Dn,CMPEM01D-0,CMPEM01D-0,0,Release;NoOperation,0,NONE,0,240925040541_ZCL102,0,2.2585323,0.584552,,,,,B04J8688,,,,,,,,,,,,,,,,,,,,,,,,,,,,,,,,,,,,,,,,,,,,,,,,,,,,,,,,,,,,,,,,,,,,,,,,,,,,,,,,,,,,,,,,,,,,,,,,,,,,,,,,,,,,,,,,,,
2024-09-26 12:41:17.689,B04J862D,B04J862D749814400_C,Dn,CMPEM01D-0,CMPEM01D-0,0,Release;NoOperation,0,NONE,0,240925040529_ZCL102,0,2.2893531,0.5866412,,,,,B04J862D,,,,,,,,,,,,,,,,,,,,,,,,,,,,,,,,,,,,,,,,,,,,,,,,,,,,,,,,,,,,,,,,,,,,,,,,,,,,,,,,,,,,,,,,,,,,,,,,,,,,,,,,,,,,,,,,,,
2024-09-26 12:41:20.533,B04J867Z,B04J867Z749814400_C,Dn,CMPEM01D-0,CMPEM01D-0,0,Release;NoOperation,0,NONE,0,240925040328_ZCL102,0,2.2586626,0.5843044,,,,,B04J867Z,,,,,,,,,,,,,,,,,,,,,,,,,,,,,,,,,,,,,,,,,,,,,,,,,,,,,,,,,,,,,,,,,,,,,,,,,,,,,,,,,,,,,,,,,,,,,,,,,,,,,,,,,,,,,,,,,,
2024-09-26 12:41:29.593,B04N367E,B04N367E749814400_C,Dn,CMPEM01D-0,CMPEM01D-0,0,Release;NoOperation,0,NONE,0,240925040132_ZCL102,0,8.5091997,0.5522666,,,,,B04N367E,,,,,,,,,,,,,,,,,,,,,,,,,,,,,,,,,,,,,,,,,,,,,,,,,,,,,,,,,,,,,,,,,,,,,,,,,,,,,,,,,,,,,,,,,,,,,,,,,,,,,,,,,,,,,,,,,,
2024-09-26 12:41:32.499,B0436604,B0436604749814400_C,Dn,CMPEM01D-0,CMPEM01D-0,0,Release;NoOperation,0,NONE,0,240925040135_ZCL102,0,2.3199994,0.5854635,,,,,B0436604,,,,,,,,,,,,,,,,,,,,,,,,,,,,,,,,,,,,,,,,,,,,,,,,,,,,,,,,,,,,,,,,,,,,,,,,,,,,,,,,,,,,,,,,,,,,,,,,,,,,,,,,,,,,,,,,,,
2024-09-26 12:41:35.358,B04J862S,B04J862S749814400_C,Dn,CMPEM01D-0,CMPEM01D-0,0,Release;NoOperation,0,NONE,0,240925040336_ZCL102,0,2.2845846,0.5725561,,,,,B04J862S,,,,,,,,,,,,,,,,,,,,,,,,,,,,,,,,,,,,,,,,,,,,,,,,,,,,,,,,,,,,,,,,,,,,,,,,,,,,,,,,,,,,,,,,,,,,,,,,,,,,,,,,,,,,,,,,,,
2024-09-26 12:41:38.216,B0436607,B0436607749814400_C,Dn,CMPEM01D-0,CMPEM01D-0,0,Release;NoOperation,0,NONE,0,240925035330_ZCL102,0,2.2898318,0.5692151,,,,,B0436607,,,,,,,,,,,,,,,,,,,,,,,,,,,,,,,,,,,,,,,,,,,,,,,,,,,,,,,,,,,,,,,,,,,,,,,,,,,,,,,,,,,,,,,,,,,,,,,,,,,,,,,,,,,,,,,,,,
2024-09-26 12:41:41.075,B04J072Q,B04J072Q749814400_C,Dn,CMPEM01D-0,CMPEM01D-0,0,Release;NoOperation,0,NONE,0,240925040549_ZCL102,0,2.2637141,0.5951363,,,,,B04J072Q,,,,,,,,,,,,,,,,,,,,,,,,,,,,,,,,,,,,,,,,,,,,,,,,,,,,,,,,,,,,,,,,,,,,,,,,,,,,,,,,,,,,,,,,,,,,,,,,,,,,,,,,,,,,,,,,,,
2024-09-26 12:41:43.856,B04J0709,B04J0709749814400_C,Dn,CMPEM01D-0,CMPEM01D-0,0,Release;NoOperation,0,NONE,0,240924154946_ZCL112,0,2.1956579,0.5859841,,,,,B04J0709,,,,,,,,,,,,,,,,,,,,,,,,,,,,,,,,,,,,,,,,,,,,,,,,,,,,,,,,,,,,,,,,,,,,,,,,,,,,,,,,,,,,,,,,,,,,,,,,,,,,,,,,,,,,,,,,,,
2024-09-26 12:41:46.761,B04L764H,B04L764H749814400_C,Dn,CMPEM01D-0,CMPEM01D-0,0,Release;NoOperation,0,NONE,0,240925040142_ZCL102,0,2.335537,0.5702224,,,,,B04L764H,,,,,,,,,,,,,,,,,,,,,,,,,,,,,,,,,,,,,,,,,,,,,,,,,,,,,,,,,,,,,,,,,,,,,,,,,,,,,,,,,,,,,,,,,,,,,,,,,,,,,,,,,,,,,,,,,,
2024-09-26 12:41:49.636,B04L767B,B04L767B749814400_C,Dn,CMPEM01D-0,CMPEM01D-0,0,Release;NoOperation,0,NONE,0,240925040213_ZCL102,0,2.2879223,0.5875912,,,,,B04L767B,,,,,,,,,,,,,,,,,,,,,,,,,,,,,,,,,,,,,,,,,,,,,,,,,,,,,,,,,,,,,,,,,,,,,,,,,,,,,,,,,,,,,,,,,,,,,,,,,,,,,,,,,,,,,,,,,,
2024-09-26 12:41:52.385,B04J0755,B04J0755749814400_C,Dn,CMPEM01D-0,CMPEM01D-0,0,Release;NoOperation,0,NONE,0,240925035829_ZCL102,0,2.1768072,0.574611,,,,,B04J0755,,,,,,,,,,,,,,,,,,,,,,,,,,,,,,,,,,,,,,,,,,,,,,,,,,,,,,,,,,,,,,,,,,,,,,,,,,,,,,,,,,,,,,,,,,,,,,,,,,,,,,,,,,,,,,,,,,
2024-09-26 12:41:55.275,B07E1515,B07E1515755093600_A,Dn,CMPEM01D-0,CMPEM01D-0,0,Release;NoOperation,0,NONE,0,240925040306_ZCL102,0,2.3000321,0.5860233,,,,,B07E1515,,,,,,,,,,,,,,,,,,,,,,,,,,,,,,,,,,,,,,,,,,,,,,,,,,,,,,,,,,,,,,,,,,,,,,,,,,,,,,,,,,,,,,,,,,,,,,,,,,,,,,,,,,,,,,,,,,
2024-09-26 12:41:58.165,B049953J,B049953J749814400_C,Dn,CMPEM01D-0,CMPEM01D-0,0,Release;NoOperation,0,NONE,0,240925040146_ZCL102,0,2.3227106,0.5676849,,,,,B049953J,,,,,,,,,,,,,,,,,,,,,,,,,,,,,,,,,,,,,,,,,,,,,,,,,,,,,,,,,,,,,,,,,,,,,,,,,,,,,,,,,,,,,,,,,,,,,,,,,,,,,,,,,,,,,,,,,,
2024-09-26 12:42:01.024,B078B430,B078B430755093600_A,Dn,CMPEM01D-0,CMPEM01D-0,0,Release;NoOperation,0,NONE,0,240925040028_ZCL102,0,2.3076825,0.549736,,,,,B078B430,,,,,,,,,,,,,,,,,,,,,,,,,,,,,,,,,,,,,,,,,,,,,,,,,,,,,,,,,,,,,,,,,,,,,,,,,,,,,,,,,,,,,,,,,,,,,,,,,,,,,,,,,,,,,,,,,,
2024-09-26 12:42:03.945,B04N3672,B04N3672749814400_C,Dn,CMPEM01D-0,CMPEM01D-0,0,Release;NoOperation,0,NONE,0,240925040404_ZCL102,0,2.3501494,0.5709073,,,,,B04N3672,,,,,,,,,,,,,,,,,,,,,,,,,,,,,,,,,,,,,,,,,,,,,,,,,,,,,,,,,,,,,,,,,,,,,,,,,,,,,,,,,,,,,,,,,,,,,,,,,,,,,,,,,,,,,,,,,,
2024-09-26 12:42:06.710,B04J862Z,B04J862Z749814400_C,Dn,CMPEM01D-0,CMPEM01D-0,0,Release;NoOperation,0,NONE,0,240925035958_ZCL102,0,2.1983502,0.5661901,,,,,B04J862Z,,,,,,,,,,,,,,,,,,,,,,,,,,,,,,,,,,,,,,,,,,,,,,,,,,,,,,,,,,,,,,,,,,,,,,,,,,,,,,,,,,,,,,,,,,,,,,,,,,,,,,,,,,,,,,,,,,
2024-09-26 12:42:09.584,B07E1507,B07E1507755093600_A,Dn,CMPEM01D-0,CMPEM01D-0,0,Release;NoOperation,0,NONE,0,240924160744_ZCL108,0,2.3063249,0.5680942,,,,,B07E1507,,,,,,,,,,,,,,,,,,,,,,,,,,,,,,,,,,,,,,,,,,,,,,,,,,,,,,,,,,,,,,,,,,,,,,,,,,,,,,,,,,,,,,,,,,,,,,,,,,,,,,,,,,,,,,,,,,
2024-09-26 12:42:12.448,B04G7570,B04G7570749814400_C,Dn,CMPEM01D-0,CMPEM01D-0,0,Release;NoOperation,0,NONE,0,240925040032_ZCL102,0,2.2960208,0.5680811,,,,,B04G7570,,,,,,,,,,,,,,,,,,,,,,,,,,,,,,,,,,,,,,,,,,,,,,,,,,,,,,,,,,,,,,,,,,,,,,,,,,,,,,,,,,,,,,,,,,,,,,,,,,,,,,,,,,,,,,,,,,
2024-09-26 12:42:15.291,B046179J,B046179J749814400_C,Dn,CMPEM01D-0,CMPEM01D-0,0,Release;NoOperation,0,NONE,0,240925040415_ZCL102,0,2.2737906,0.5690054,,,,,B046179J,,,,,,,,,,,,,,,,,,,,,,,,,,,,,,,,,,,,,,,,,,,,,,,,,,,,,,,,,,,,,,,,,,,,,,,,,,,,,,,,,,,,,,,,,,,,,,,,,,,,,,,,,,,,,,,,,,
2024-09-26 12:42:18.134,B07B3512,B07B3512755093600_A,Dn,CMPEM01D-0,CMPEM01D-0,0,Release;NoOperation,0,NONE,0,240925040024_ZCL102,0,2.2586081,0.5876735,,,,,B07B3512,,,,,,,,,,,,,,,,,,,,,,,,,,,,,,,,,,,,,,,,,,,,,,,,,,,,,,,,,,,,,,,,,,,,,,,,,,,,,,,,,,,,,,,,,,,,,,,,,,,,,,,,,,,,,,,,,,
2024-09-26 12:42:20.964,B04J8601,B04J8601749814400_C,Dn,CMPEM01D-0,CMPEM01D-0,0,Release;NoOperation,0,NONE,0,240925040008_ZCL102,0,2.2570787,0.5741363,,,,,B04J8601,,,,,,,,,,,,,,,,,,,,,,,,,,,,,,,,,,,,,,,,,,,,,,,,,,,,,,,,,,,,,,,,,,,,,,,,,,,,,,,,,,,,,,,,,,,,,,,,,,,,,,,,,,,,,,,,,,
2024-09-26 12:42:23.839,B0422633,B0422633749814400_C,Dn,CMPEM01D-0,CMPEM01D-0,0,Release;NoOperation,0,NONE,0,240925040346_ZCL102,0,2.2893398,0.5810685,,,,,B0422633,,,,,,,,,,,,,,,,,,,,,,,,,,,,,,,,,,,,,,,,,,,,,,,,,,,,,,,,,,,,,,,,,,,,,,,,,,,,,,,,,,,,,,,,,,,,,,,,,,,,,,,,,,,,,,,,,,
2024-09-26 12:42:26.713,B046171Q,B046171Q749814400_C,Dn,CMPEM01D-0,CMPEM01D-0,0,Release;NoOperation,0,NONE,0,240925035834_ZCL102,0,2.2896201,0.5858462,,,,,B046171Q,,,,,,,,,,,,,,,,,,,,,,,,,,,,,,,,,,,,,,,,,,,,,,,,,,,,,,,,,,,,,,,,,,,,,,,,,,,,,,,,,,,,,,,,,,,,,,,,,,,,,,,,,,,,,,,,,,
2024-09-26 12:42:29.556,B04Q4629,B04Q4629749814400_C,Dn,CMPEM01D-0,CMPEM01D-0,0,Release;NoOperation,0,NONE,0,240925035945_ZCL102,0,2.2450933,0.5976787,,,,,B04Q4629,,,,,,,,,,,,,,,,,,,,,,,,,,,,,,,,,,,,,,,,,,,,,,,,,,,,,,,,,,,,,,,,,,,,,,,,,,,,,,,,,,,,,,,,,,,,,,,,,,,,,,,,,,,,,,,,,,
2024-09-26 12:42:32.368,B07QB41J,B07QB41J755093600_A,Dn,CMPEM01D-0,CMPEM01D-0,0,Release;NoOperation,0,NONE,0,240925040622_ZCL102,0,2.2462929,0.5657242,,,,,B07QB41J,,,,,,,,,,,,,,,,,,,,,,,,,,,,,,,,,,,,,,,,,,,,,,,,,,,,,,,,,,,,,,,,,,,,,,,,,,,,,,,,,,,,,,,,,,,,,,,,,,,,,,,,,,,,,,,,,,
2024-09-26 12:42:35.227,B04J868S,B04J868S749814400_C,Dn,CMPEM01D-0,CMPEM01D-0,0,Release;NoOperation,0,NONE,0,240925040522_ZCL102,0,2.2868945,0.5702567,,,,,B04J868S,,,,,,,,,,,,,,,,,,,,,,,,,,,,,,,,,,,,,,,,,,,,,,,,,,,,,,,,,,,,,,,,,,,,,,,,,,,,,,,,,,,,,,,,,,,,,,,,,,,,,,,,,,,,,,,,,,
2024-09-26 12:42:38.809,B046172R,B046172R749814400_C,Dn,CMPEM01D-0,CMPEM01D-0,0,Release;NoOperation,0,NONE,0,240925040634_ZCL102,0,3.0159777,0.5696828,,,,,B046172R,,,,,,,,,,,,,,,,,,,,,,,,,,,,,,,,,,,,,,,,,,,,,,,,,,,,,,,,,,,,,,,,,,,,,,,,,,,,,,,,,,,,,,,,,,,,,,,,,,,,,,,,,,,,,,,,,,
2024-09-26 12:42:41.980,B04L763X,B04L763X749814400_C,Dn,CMPEM01D-0,CMPEM01D-0,0,Release;NoOperation,0,NONE,0,240925040423_ZCL102,0,2.598999,0.5703652,,,,,B04L763X,,,,,,,,,,,,,,,,,,,,,,,,,,,,,,,,,,,,,,,,,,,,,,,,,,,,,,,,,,,,,,,,,,,,,,,,,,,,,,,,,,,,,,,,,,,,,,,,,,,,,,,,,,,,,,,,,,
2024-09-26 12:42:46.010,B046172A,B046172A749814400_C,Dn,CMPEM01D-0,CMPEM01D-0,0,Release;NoOperation,0,NONE,0,240925040245_ZCL102,0,3.4600946,0.5685529,,,,,B046172A,,,,,,,,,,,,,,,,,,,,,,,,,,,,,,,,,,,,,,,,,,,,,,,,,,,,,,,,,,,,,,,,,,,,,,,,,,,,,,,,,,,,,,,,,,,,,,,,,,,,,,,,,,,,,,,,,,
2024-09-26 12:43:00.195,B043660C,B043660C749814400_C,Dn,CMPEM01D-0,CMPEM01D-0,0,Release;NoOperation,0,NONE,0,240925040332_ZCL102,0,13.6321648,0.5521322,,,,,B043660C,,,,,,,,,,,,,,,,,,,,,,,,,,,,,,,,,,,,,,,,,,,,,,,,,,,,,,,,,,,,,,,,,,,,,,,,,,,,,,,,,,,,,,,,,,,,,,,,,,,,,,,,,,,,,,,,,,
2024-09-26 12:43:03.303,B078B44B,B078B44B755093600_A,Dn,CMPEM01D-0,CMPEM01D-0,0,Release;NoOperation,0,NONE,0,240925040316_ZCL102,0,2.5271851,0.5844127,,,,,B078B44B,,,,,,,,,,,,,,,,,,,,,,,,,,,,,,,,,,,,,,,,,,,,,,,,,,,,,,,,,,,,,,,,,,,,,,,,,,,,,,,,,,,,,,,,,,,,,,,,,,,,,,,,,,,,,,,,,,
2024-09-26 12:43:06.100,B078B453,B078B453755093600_A,Dn,CMPEM01D-0,CMPEM01D-0,0,Release;NoOperation,0,NONE,0,240925040205_ZCL102,0,2.2387011,0.5554138,,,,,B078B453,,,,,,,,,,,,,,,,,,,,,,,,,,,,,,,,,,,,,,,,,,,,,,,,,,,,,,,,,,,,,,,,,,,,,,,,,,,,,,,,,,,,,,,,,,,,,,,,,,,,,,,,,,,,,,,,,,
2024-09-26 12:43:09.036,B04Q460Q,B04Q460Q749814400_C,Dn,CMPEM01D-0,CMPEM01D-0,0,Release;NoOperation,0,NONE,0,240925040651_ZCL102,0,2.3701864,0.5662959,,,,,B04Q460Q,,,,,,,,,,,,,,,,,,,,,,,,,,,,,,,,,,,,,,,,,,,,,,,,,,,,,,,,,,,,,,,,,,,,,,,,,,,,,,,,,,,,,,,,,,,,,,,,,,,,,,,,,,,,,,,,,,
2024-09-26 12:43:11.833,B04G753G,B04G753G749814400_C,Dn,CMPEM01D-0,CMPEM01D-0,0,Release;NoOperation,0,NONE,0,240925040545_ZCL102,0,2.2118153,0.5839631,,,,,B04G753G,,,,,,,,,,,,,,,,,,,,,,,,,,,,,,,,,,,,,,,,,,,,,,,,,,,,,,,,,,,,,,,,,,,,,,,,,,,,,,,,,,,,,,,,,,,,,,,,,,,,,,,,,,,,,,,,,,
2024-09-26 12:43:14.676,B04AB61A,B04AB61A749814400_C,Dn,CMPEM01D-0,CMPEM01D-0,0,Release;NoOperation,0,NONE,0,240925040108_ZCL102,0,2.2580274,0.5863591,,,,,B04AB61A,,,,,,,,,,,,,,,,,,,,,,,,,,,,,,,,,,,,,,,,,,,,,,,,,,,,,,,,,,,,,,,,,,,,,,,,,,,,,,,,,,,,,,,,,,,,,,,,,,,,,,,,,,,,,,,,,,
2024-09-26 12:43:17.487,B07QB40Q,B07QB40Q755093600_A,Dn,CMPEM01D-0,CMPEM01D-0,0,Release;NoOperation,0,NONE,0,240925040502_ZCL102,0,2.2478155,0.5626027,,,,,B07QB40Q,,,,,,,,,,,,,,,,,,,,,,,,,,,,,,,,,,,,,,,,,,,,,,,,,,,,,,,,,,,,,,,,,,,,,,,,,,,,,,,,,,,,,,,,,,,,,,,,,,,,,,,,,,,,,,,,,,
2024-09-26 12:43:20.394,B046172G,B046172G749814400_C,Dn,CMPEM01D-0,CMPEM01D-0,0,Release;NoOperation,0,NONE,0,240925040427_ZCL102,0,2.3056095,0.6011429,,,,,B046172G,,,,,,,,,,,,,,,,,,,,,,,,,,,,,,,,,,,,,,,,,,,,,,,,,,,,,,,,,,,,,,,,,,,,,,,,,,,,,,,,,,,,,,,,,,,,,,,,,,,,,,,,,,,,,,,,,,
2024-09-26 12:43:23.253,B04J072F,B04J072F749814400_C,Dn,CMPEM01D-0,CMPEM01D-0,0,Release;NoOperation,0,NONE,0,240925035857_ZCL102,0,2.3054737,0.5553815,,,,,B04J072F,,,,,,,,,,,,,,,,,,,,,,,,,,,,,,,,,,,,,,,,,,,,,,,,,,,,,,,,,,,,,,,,,,,,,,,,,,,,,,,,,,,,,,,,,,,,,,,,,,,,,,,,,,,,,,,,,,
2024-09-26 12:43:26.143,B04Q462G,B04Q462G749814400_C,Dn,CMPEM01D-0,CMPEM01D-0,0,Release;NoOperation,0,NONE,0,240925040233_ZCL102,0,2.3037543,0.5859305,,,,,B04Q462G,,,,,,,,,,,,,,,,,,,,,,,,,,,,,,,,,,,,,,,,,,,,,,,,,,,,,,,,,,,,,,,,,,,,,,,,,,,,,,,,,,,,,,,,,,,,,,,,,,,,,,,,,,,,,,,,,,
2024-09-26 12:43:29.064,B04N366D,B04N366D749814400_C,Dn,CMPEM01D-0,CMPEM01D-0,0,Release;NoOperation,0,NONE,0,240925040357_ZCL102,0,2.3383247,0.5831233,,,,,B04N366D,,,,,,,,,,,,,,,,,,,,,,,,,,,,,,,,,,,,,,,,,,,,,,,,,,,,,,,,,,,,,,,,,,,,,,,,,,,,,,,,,,,,,,,,,,,,,,,,,,,,,,,,,,,,,,,,,,
2024-09-26 12:43:31.860,B04J864H,B04J864H749814400_C,Dn,CMPEM01D-0,CMPEM01D-0,0,Release;NoOperation,0,NONE,0,240925040154_ZCL102,0,2.2120764,0.5823393,,,,,B04J864H,,,,,,,,,,,,,,,,,,,,,,,,,,,,,,,,,,,,,,,,,,,,,,,,,,,,,,,,,,,,,,,,,,,,,,,,,,,,,,,,,,,,,,,,,,,,,,,,,,,,,,,,,,,,,,,,,,
2024-09-26 12:43:34.766,B04N366J,B04N366J749814400_C,Dn,CMPEM01D-0,CMPEM01D-0,0,Release;NoOperation,0,NONE,0,240925040340_ZCL102,0,2.3205588,0.5846282,,,,,B04N366J,,,,,,,,,,,,,,,,,,,,,,,,,,,,,,,,,,,,,,,,,,,,,,,,,,,,,,,,,,,,,,,,,,,,,,,,,,,,,,,,,,,,,,,,,,,,,,,,,,,,,,,,,,,,,,,,,,
2024-09-26 12:43:37.578,B04J865Q,B04J865Q749814400_C,Dn,CMPEM01D-0,CMPEM01D-0,0,Release;NoOperation,0,NONE,0,240925040611_ZCL102,0,2.2579968,0.5554029,,,,,B04J865Q,,,,,,,,,,,,,,,,,,,,,,,,,,,,,,,,,,,,,,,,,,,,,,,,,,,,,,,,,,,,,,,,,,,,,,,,,,,,,,,,,,,,,,,,,,,,,,,,,,,,,,,,,,,,,,,,,,
2024-09-26 12:43:40.436,B042261P,B042261P749814400_C,Dn,CMPEM01D-0,CMPEM01D-0,0,Release;NoOperation,0,NONE,0,240925040111_ZCL102,0,2.2879946,0.5690559,,,,,B042261P,,,,,,,,,,,,,,,,,,,,,,,,,,,,,,,,,,,,,,,,,,,,,,,,,,,,,,,,,,,,,,,,,,,,,,,,,,,,,,,,,,,,,,,,,,,,,,,,,,,,,,,,,,,,,,,,,,
2024-09-26 12:43:43.264,B0436606,B0436606749814400_C,Dn,CMPEM01D-0,CMPEM01D-0,0,Release;NoOperation,0,NONE,0,240925040439_ZCL102,0,2.2423983,0.586599,,,,,B0436606,,,,,,,,,,,,,,,,,,,,,,,,,,,,,,,,,,,,,,,,,,,,,,,,,,,,,,,,,,,,,,,,,,,,,,,,,,,,,,,,,,,,,,,,,,,,,,,,,,,,,,,,,,,,,,,,,,
2024-09-26 12:43:46.107,B04J075B,B04J075B749814400_C,Dn,CMPEM01D-0,CMPEM01D-0,0,Release;NoOperation,0,NONE,0,240925040014_ZCL102,0,2.2898208,0.5517697,,,,,B04J075B,,,,,,,,,,,,,,,,,,,,,,,,,,,,,,,,,,,,,,,,,,,,,,,,,,,,,,,,,,,,,,,,,,,,,,,,,,,,,,,,,,,,,,,,,,,,,,,,,,,,,,,,,,,,,,,,,,
2024-09-26 12:43:48.950,B0461733,B0461733749814400_C,Dn,CMPEM01D-0,CMPEM01D-0,0,Release;NoOperation,0,NONE,0,240925040252_ZCL102,0,2.2975276,0.5455592,,,,,B0461733,,,,,,,,,,,,,,,,,,,,,,,,,,,,,,,,,,,,,,,,,,,,,,,,,,,,,,,,,,,,,,,,,,,,,,,,,,,,,,,,,,,,,,,,,,,,,,,,,,,,,,,,,,,,,,,,,,
2024-09-26 12:43:51.840,B049954M,B049954M749814400_C,Dn,CMPEM01D-0,CMPEM01D-0,0,Release;NoOperation,0,NONE,0,240925040644_ZCL102,0,2.3065618,0.5831252,,,,,B049954M,,,,,,,,,,,,,,,,,,,,,,,,,,,,,,,,,,,,,,,,,,,,,,,,,,,,,,,,,,,,,,,,,,,,,,,,,,,,,,,,,,,,,,,,,,,,,,,,,,,,,,,,,,,,,,,,,,
2024-09-26 12:43:54.699,B04J8697,B04J8697749814400_C,Dn,CMPEM01D-0,CMPEM01D-0,0,Release;NoOperation,0,NONE,0,240925040123_ZCL102,0,2.2941342,0.5662913,,,,,B04J8697,,,,,,,,,,,,,,,,,,,,,,,,,,,,,,,,,,,,,,,,,,,,,,,,,,,,,,,,,,,,,,,,,,,,,,,,,,,,,,,,,,,,,,,,,,,,,,,,,,,,,,,,,,,,,,,,,,
2024-09-26 12:43:57.542,B04J868B,B04J868B749814400_C,Dn,CMPEM01D-0,CMPEM01D-0,0,Release;NoOperation,0,NONE,0,240925040647_ZCL102,0,2.2724585,0.5692528,,,,,B04J868B,,,,,,,,,,,,,,,,,,,,,,,,,,,,,,,,,,,,,,,,,,,,,,,,,,,,,,,,,,,,,,,,,,,,,,,,,,,,,,,,,,,,,,,,,,,,,,,,,,,,,,,,,,,,,,,,,,
2024-09-26 12:44:00.369,B04J075S,B04J075S749814400_C,Dn,CMPEM01D-0,CMPEM01D-0,0,Release;NoOperation,0,NONE,0,240925040054_ZCL102,0,2.2578063,0.5706516,,,,,B04J075S,,,,,,,,,,,,,,,,,,,,,,,,,,,,,,,,,,,,,,,,,,,,,,,,,,,,,,,,,,,,,,,,,,,,,,,,,,,,,,,,,,,,,,,,,,,,,,,,,,,,,,,,,,,,,,,,,,
2024-09-26 12:44:03.181,B04L7604,B04L7604749814400_C,Dn,CMPEM01D-0,CMPEM01D-0,0,Release;NoOperation,0,NONE,0,240925040201_ZCL102,0,2.2353706,0.5766982,,,,,B04L7604,,,,,,,,,,,,,,,,,,,,,,,,,,,,,,,,,,,,,,,,,,,,,,,,,,,,,,,,,,,,,,,,,,,,,,,,,,,,,,,,,,,,,,,,,,,,,,,,,,,,,,,,,,,,,,,,,,
2024-09-26 12:44:06.055,B04G754C,B04G754C749814400_C,Dn,CMPEM01D-0,CMPEM01D-0,0,Release;NoOperation,0,NONE,0,240925024453_ZCL102,0,2.2916865,0.5844647,,,,,B04G754C,,,,,,,,,,,,,,,,,,,,,,,,,,,,,,,,,,,,,,,,,,,,,,,,,,,,,,,,,,,,,,,,,,,,,,,,,,,,,,,,,,,,,,,,,,,,,,,,,,,,,,,,,,,,,,,,,,
2024-09-26 12:44:08.898,B07E152K,B07E152K755093600_A,Dn,CMPEM01D-0,CMPEM01D-0,0,Release;NoOperation,0,NONE,0,240925040553_ZCL102,0,2.258697,0.5823406,,,,,B07E152K,,,,,,,,,,,,,,,,,,,,,,,,,,,,,,,,,,,,,,,,,,,,,,,,,,,,,,,,,,,,,,,,,,,,,,,,,,,,,,,,,,,,,,,,,,,,,,,,,,,,,,,,,,,,,,,,,,
2024-09-26 12:44:12.132,B07E152G,B07E152G755093600_A,Dn,CMPEM01D-0,CMPEM01D-0,0,Release;NoOperation,0,NONE,0,240925040408_ZCL102,0,2.6767292,0.5567171,,,,,B07E152G,,,,,,,,,,,,,,,,,,,,,,,,,,,,,,,,,,,,,,,,,,,,,,,,,,,,,,,,,,,,,,,,,,,,,,,,,,,,,,,,,,,,,,,,,,,,,,,,,,,,,,,,,,,,,,,,,,
2024-09-26 12:44:15.381,B0422646,B0422646749814400_C,Dn,CMPEM01D-0,CMPEM01D-0,0,Release;NoOperation,0,NONE,0,240925040320_ZCL102,0,2.6769166,0.5747609,,,,,B0422646,,,,,,,,,,,,,,,,,,,,,,,,,,,,,,,,,,,,,,,,,,,,,,,,,,,,,,,,,,,,,,,,,,,,,,,,,,,,,,,,,,,,,,,,,,,,,,,,,,,,,,,,,,,,,,,,,,
2024-09-26 12:44:18.131,B04Q4672,B04Q4672749814400_C,Dn,CMPEM01D-0,CMPEM01D-0,0,Release;NoOperation,0,NONE,0,240925040655_ZCL102,0,2.1600435,0.5871408,,,,,B04Q4672,,,,,,,,,,,,,,,,,,,,,,,,,,,,,,,,,,,,,,,,,,,,,,,,,,,,,,,,,,,,,,,,,,,,,,,,,,,,,,,,,,,,,,,,,,,,,,,,,,,,,,,,,,,,,,,,,,
2024-09-26 12:44:20.995,B043667Z,B043667Z749814400_C,Dn,CMPEM01D-0,CMPEM01D-0,0,Release;NoOperation,0,NONE,0,240925040533_ZCL102,0,2.2946335,0.5694727,,,,,B043667Z,,,,,,,,,,,,,,,,,,,,,,,,,,,,,,,,,,,,,,,,,,,,,,,,,,,,,,,,,,,,,,,,,,,,,,,,,,,,,,,,,,,,,,,,,,,,,,,,,,,,,,,,,,,,,,,,,,
2024-09-26 12:44:25.619,B04N364W,B04N364W749814400_C,Dn,CMPEM01D-0,CMPEM01D-0,0,Release;NoOperation,0,NONE,0,240925040537_ZCL102,0,4.0531787,0.569793,,,,,B04N364W,,,,,,,,,,,,,,,,,,,,,,,,,,,,,,,,,,,,,,,,,,,,,,,,,,,,,,,,,,,,,,,,,,,,,,,,,,,,,,,,,,,,,,,,,,,,,,,,,,,,,,,,,,,,,,,,,,
2024-09-26 12:44:27.790,B04L765X,B04L765X749814400_C,Dn,CMPEM01D-0,CMPEM01D-0,0,Release;NoOperation,0,NONE,0,240925040443_ZCL102,0,1.6168734,0.5571864,,,,,B04L765X,,,,,,,,,,,,,,,,,,,,,,,,,,,,,,,,,,,,,,,,,,,,,,,,,,,,,,,,,,,,,,,,,,,,,,,,,,,,,,,,,,,,,,,,,,,,,,,,,,,,,,,,,,,,,,,,,,
2024-09-26 12:44:32.789,B04G753F,B04G753F749814400_C,Dn,CMPEM01D-0,CMPEM01D-0,0,Release;NoOperation,0,NONE,0,240925040354_ZCL102,0,4.4081135,0.5888061,,,,,B04G753F,,,,,,,,,,,,,,,,,,,,,,,,,,,,,,,,,,,,,,,,,,,,,,,,,,,,,,,,,,,,,,,,,,,,,,,,,,,,,,,,,,,,,,,,,,,,,,,,,,,,,,,,,,,,,,,,,,
2024-09-26 12:44:35.414,B04G7565,B04G7565749814400_C,Dn,CMPEM01D-0,CMPEM01D-0,0,Release;NoOperation,0,NONE,0,240925040506_ZCL102,0,2.03584,0.5883148,,,,,B04G7565,,,,,,,,,,,,,,,,,,,,,,,,,,,,,,,,,,,,,,,,,,,,,,,,,,,,,,,,,,,,,,,,,,,,,,,,,,,,,,,,,,,,,,,,,,,,,,,,,,,,,,,,,,,,,,,,,,
2024-09-26 12:44:39.319,B04J8614,B04J8614749814400_C,Dn,CMPEM01D-0,CMPEM01D-0,0,Release;NoOperation,0,NONE,0,240925035937_ZCL102,0,3.3665846,0.543714,,,,,B04J8614,,,,,,,,,,,,,,,,,,,,,,,,,,,,,,,,,,,,,,,,,,,,,,,,,,,,,,,,,,,,,,,,,,,,,,,,,,,,,,,,,,,,,,,,,,,,,,,,,,,,,,,,,,,,,,,,,,
2024-09-26 12:44:45.536,B07E1542,B07E1542755093600_A,Dn,CMPEM01D-0,CMPEM01D-0,0,Release;NoOperation,0,NONE,0,240925040324_ZCL102,0,5.6576167,0.5551585,,,,,B07E1542,,,,,,,,,,,,,,,,,,,,,,,,,,,,,,,,,,,,,,,,,,,,,,,,,,,,,,,,,,,,,,,,,,,,,,,,,,,,,,,,,,,,,,,,,,,,,,,,,,,,,,,,,,,,,,,,,,
2024-09-26 12:44:52.332,B07E150P,B07E150P755093600_A,Dn,CMPEM01D-0,CMPEM01D-0,0,Release;NoOperation,0,NONE,0,240925040104_ZCL102,0,6.2253171,0.5721692,,,,,B07E150P,,,,,,,,,,,,,,,,,,,,,,,,,,,,,,,,,,,,,,,,,,,,,,,,,,,,,,,,,,,,,,,,,,,,,,,,,,,,,,,,,,,,,,,,,,,,,,,,,,,,,,,,,,,,,,,,,,
2024-09-26 12:44:58.127,B04J861P,B04J861P749814400_C,Dn,CMPEM01D-0,CMPEM01D-0,0,Release;NoOperation,0,NONE,0,240925040209_ZCL102,0,5.2207712,0.5767644,,,,,B04J861P,,,,,,,,,,,,,,,,,,,,,,,,,,,,,,,,,,,,,,,,,,,,,,,,,,,,,,,,,,,,,,,,,,,,,,,,,,,,,,,,,,,,,,,,,,,,,,,,,,,,,,,,,,,,,,,,,,
2024-09-26 12:45:05.006,B04J860B,B04J860B749814400_C,Dn,CMPEM01D-0,CMPEM01D-0,0,Release;NoOperation,0,NONE,0,240925040703_ZCL102,0,6.3055636,0.5722252,,,,,B04J860B,,,,,,,,,,,,,,,,,,,,,,,,,,,,,,,,,,,,,,,,,,,,,,,,,,,,,,,,,,,,,,,,,,,,,,,,,,,,,,,,,,,,,,,,,,,,,,,,,,,,,,,,,,,,,,,,,,
2024-09-26 12:45:10.926,B04L765E,B04L765E749814400_C,Dn,CMPEM01D-0,CMPEM01D-0,0,Release;NoOperation,0,NONE,0,240925040431_ZCL102,0,5.3440934,0.5730021,,,,,B04L765E,,,,,,,,,,,,,,,,,,,,,,,,,,,,,,,,,,,,,,,,,,,,,,,,,,,,,,,,,,,,,,,,,,,,,,,,,,,,,,,,,,,,,,,,,,,,,,,,,,,,,,,,,,,,,,,,,,
2024-09-26 12:45:17.362,B04L7659,B04L7659749814400_C,Dn,CMPEM01D-0,CMPEM01D-0,0,Release;NoOperation,0,NONE,0,240925040557_ZCL102,0,5.8476859,0.5881703,,,,,B04L7659,,,,,,,,,,,,,,,,,,,,,,,,,,,,,,,,,,,,,,,,,,,,,,,,,,,,,,,,,,,,,,,,,,,,,,,,,,,,,,,,,,,,,,,,,,,,,,,,,,,,,,,,,,,,,,,,,,
2024-09-26 12:45:23.893,B04Q4610,B04Q4610749814400_C,Dn,CMPEM01D-0,CMPEM01D-0,0,Release;NoOperation,0,NONE,0,240925040607_ZCL102,0,5.9890607,0.5417081,,,,,B04Q4610,,,,,,,,,,,,,,,,,,,,,,,,,,,,,,,,,,,,,,,,,,,,,,,,,,,,,,,,,,,,,,,,,,,,,,,,,,,,,,,,,,,,,,,,,,,,,,,,,,,,,,,,,,,,,,,,,,
2024-09-26 12:45:30.532,B042265V,B042265V749814400_C,Dn,CMPEM01D-0,CMPEM01D-0,0,Release;NoOperation,0,NONE,0,240925040115_ZCL102,0,6.0660405,0.5727271,,,,,B042265V,,,,,,,,,,,,,,,,,,,,,,,,,,,,,,,,,,,,,,,,,,,,,,,,,,,,,,,,,,,,,,,,,,,,,,,,,,,,,,,,,,,,,,,,,,,,,,,,,,,,,,,,,,,,,,,,,,
2024-09-26 12:45:37.327,B04N365S,B04N365S749814400_C,Dn,CMPEM01D-0,CMPEM01D-0,0,Release;NoOperation,0,NONE,0,240925040412_ZCL102,0,6.2530936,0.5426443,,,,,B04N365S,,,,,,,,,,,,,,,,,,,,,,,,,,,,,,,,,,,,,,,,,,,,,,,,,,,,,,,,,,,,,,,,,,,,,,,,,,,,,,,,,,,,,,,,,,,,,,,,,,,,,,,,,,,,,,,,,,
2024-09-26 12:45:44.076,B042265Z,B042265Z749814400_C,Dn,CMPEM01D-0,CMPEM01D-0,0,Release;NoOperation,0,NONE,0,240925040435_ZCL102,0,6.1933064,0.5547813,,,,,B042265Z,,,,,,,,,,,,,,,,,,,,,,,,,,,,,,,,,,,,,,,,,,,,,,,,,,,,,,,,,,,,,,,,,,,,,,,,,,,,,,,,,,,,,,,,,,,,,,,,,,,,,,,,,,,,,,,,,,
2024-09-26 12:45:50.934,B04L766Z,B04L766Z749814400_C,Dn,CMPEM01D-0,CMPEM01D-0,0,Release;NoOperation,0,NONE,0,240925040458_ZCL102,0,6.2850672,0.5728125,,,,,B04L766Z,,,,,,,,,,,,,,,,,,,,,,,,,,,,,,,,,,,,,,,,,,,,,,,,,,,,,,,,,,,,,,,,,,,,,,,,,,,,,,,,,,,,,,,,,,,,,,,,,,,,,,,,,,,,,,,,,,
2024-09-26 12:45:57.916,B04L7671,B04L7671749814400_C,Dn,CMPEM01D-0,CMPEM01D-0,0,Release;NoOperation,0,NONE,0,240925040618_ZCL102,0,6.4093324,0.5770422,,,,,B04L7671,,,,,,,,,,,,,,,,,,,,,,,,,,,,,,,,,,,,,,,,,,,,,,,,,,,,,,,,,,,,,,,,,,,,,,,,,,,,,,,,,,,,,,,,,,,,,,,,,,,,,,,,,,,,,,,,,,
2024-09-26 12:46:05.356,B042263H,B042263H749814400_C,Dn,CMPEM01D-0,CMPEM01D-0,0,Release;NoOperation,0,NONE,0,240925040450_ZCL102,0,6.8937818,0.54247,,,,,B042263H,,,,,,,,,,,,,,,,,,,,,,,,,,,,,,,,,,,,,,,,,,,,,,,,,,,,,,,,,,,,,,,,,,,,,,,,,,,,,,,,,,,,,,,,,,,,,,,,,,,,,,,,,,,,,,,,,,
2024-09-26 12:46:12.011,B04J8660,B04J8660749814400_C,Dn,CMPEM01D-0,CMPEM01D-0,644,Release;NoOperation,0,NONE,0,240925040659_ZCL102,0,6.0643483,0.5902874,,,,,B04J8660,,,,,,,,,,,,,,,,,,,,,,,,,,,,,,,,,,,,,,,,,,,,,,,,,,,,,,,,,,,,,,,,,,,,,,,,,,,,,,,,,,,,,,,,,,,,,,,,,,,,,,,,,,,,,,,,,,
2024-09-26 14:06:43.137,B042677J,B042677J749814400_C,Dn,CMTMB0ND-0,CMTMB0ND-0,16,MeasureRsaPsa,272,ErrorMeasuringRsaPsa,0,240917152332_ZCL104,0,400.9631751,,,3.730,10.339,396.819,UNKNOWN_BARCODE,1,,,,,,,,,,NaN,0.015,,,,,,,,,,,,,,,,,,,,,,,,,,,,,,,,,,,,-0.0014,178.5483,365.8322,255.690,1.1524,False,0.058, file:/// ,NaN,-0.08,0.000,,,,-1.187,-0.019,0.00091,,,,,,,,,,,,,,,0,,,,,,,,,,,0.013,0.013,C&N2306036,,,,,,,,0.79875,,-2147483647,,,,,,,,,,,,
2024-09-26 14:06:43.856,B042677J,B042677J749814400_C,Dn,CMTMB0ND-0,CMTMB0ND-0,16,Release;MeasureRsaPsa(FC=ErrorMeasuringRsaPsa),272,ErrorMeasuringRsaPsa,0,240917152332_ZCL104,0,,4.8537686,,,,,,,,,,,,,,,,,,,,,,,,,,,,,,,,,,,,,,,,,,,,,,,,,,,,,,,,,,,,,,,,,,,,,,,,,,,,,,,,,,,,,,,,,,,,,0.500,0.500,,,,,,,,,,,,,,,,,,,,,,,,,
2024-09-26 14:06:52.869,B040273F,B040273F749814400_C,Dn,CMTMB0ND-0,CMTMB0ND-0,16,MeasureRsaPsa,272,ErrorMeasuringRsaPsa,0,240918040951_ZCL104,0,2.5904561,,,6.052,9.759,0.001,UNKNOWN_BARCODE,1,,,,,,,,,,NaN,0.015,,,,,,,,,,,,,,,,,,,,,,,,,,,,,,,,,,,,-0.0135,178.3235,365.8486,255.708,1.1445,False,0.029, file:/// ,NaN,-0.08,0.000,,,,-1.233,0.010,0.00138,,,,,,,,,,,,,,,0,,,,,,,,,,,0.008,0.008,C&N2306036,,,,,,,,0.79725,,-2147483646,,,,,,,,,,,,
2024-09-26 14:06:53.594,B040273F,B040273F749814400_C,Dn,CMTMB0ND-0,CMTMB0ND-0,16,Release;MeasureRsaPsa(FC=ErrorMeasuringRsaPsa),272,ErrorMeasuringRsaPsa,0,240918040951_ZCL104,0,,7.1509825,,,,,,,,,,,,,,,,,,,,,,,,,,,,,,,,,,,,,,,,,,,,,,,,,,,,,,,,,,,,,,,,,,,,,,,,,,,,,,,,,,,,,,,,,,,,,0.516,0.516,,,,,,,,,,,,,,,,,,,,,,,,,
2024-09-26 14:07:02.687,B0416798,B0416798749814400_C,Dn,CMTMB0ND-0,CMTMB0ND-0,16,MeasureRsaPsa,272,ErrorMeasuringRsaPsa,0,240917144101_ZCL104,1,3.4755149,,,5.261,9.819,0.001,UNKNOWN_BARCODE,1,,,,,,,,,,NaN,0.015,,,,,,,,,,,,,,,,,,,,,,,,,,,,,,,,,,,,-0.0133,178.4141,365.8278,255.810,1.1491,False,0.050, file:/// ,NaN,-0.08,0.000,,,,-1.498,-0.180,0.00172,,,,,,,,,,,,,,,0,,,,,,,,,,,0.007,0.007,C&N2306036,,,,,,,,0.8,,-2147483645,,,,,,,,,,,,
2024-09-26 14:07:03.374,B0416798,B0416798749814400_C,Dn,CMTMB0ND-0,CMTMB0ND-0,16,Release;MeasureRsaPsa(FC=ErrorMeasuringRsaPsa),272,ErrorMeasuringRsaPsa,0,240917144101_ZCL104,1,,6.3024037,,,,,,,,,,,,,,,,,,,,,,,,,,,,,,,,,,,,,,,,,,,,,,,,,,,,,,,,,,,,,,,,,,,,,,,,,,,,,,,,,,,,,,,,,,,,,0.473,0.473,,,,,,,,,,,,,,,,,,,,,,,,,
2024-09-26 14:10:29.140,B040274H,B040274H749814400_C,Dn,CMTMB0ND-0,CMTMB0ND-0,16,MeasureRsaPsa,272,ErrorMeasuringRsaPsa,0,240917150341_ZCL104,0,9.3110645,,,196.077,202.260,4.185,UNKNOWN_BARCODE,1,,,,,,,,,,NaN,0.015,,,,,,,,,,,,,,,,,,,,,,,,,,,,,,,,,,,,-0.0260,178.2025,365.8387,255.692,1.1607,False,0.081, file:/// ,NaN,-0.08,0.000,,,,-1.063,-0.250,0.00154,,,,,,,,,,,,,,,0,,,,,,,,,,,0.009,0.009,C&N2306036,,,,,,,,0.8015,,-2147483644,,,,,,,,,,,,
2024-09-26 14:10:29.859,B040274H,B040274H749814400_C,Dn,CMTMB0ND-0,CMTMB0ND-0,16,Release;MeasureRsaPsa(FC=ErrorMeasuringRsaPsa),272,ErrorMeasuringRsaPsa,0,240917150341_ZCL104,0,,197.1735428,,,,,,,,,,,,,,,,,,,,,,,,,,,,,,,,,,,,,,,,,,,,,,,,,,,,,,,,,,,,,,,,,,,,,,,,,,,,,,,,,,,,,,,,,,,,,0.513,0.513,,,,,,,,,,,,,,,,,,,,,,,,,
2024-09-26 14:10:42.482,B040271T,B040271T749814400_C,Dn,CMTMB0ND-0,CMTMB0ND-0,16,MeasureRsaPsa,272,ErrorMeasuringRsaPsa,0,240918040238_ZCL104,0,0.8339,,,11.416,13.342,0.001,UNKNOWN_BARCODE,1,,,,,,,,,,NaN,0.015,,,,,,,,,,,,,,,,,,,,,,,,,,,,,,,,,,,,-0.0147,178.1736,365.8541,255.814,1.1528,False,0.056, file:/// ,NaN,-0.08,0.000,,,,-1.101,0.013,0.00184,,,,,,,,,,,,,,,0,,,,,,,,,,,0.020,0.020,C&N2306036,,,,,,,,0.79625,,-2147483643,,,,,,,,,,,,
2024-09-26 14:10:43.200,B040271T,B040271T749814400_C,Dn,CMTMB0ND-0,CMTMB0ND-0,16,Release;MeasureRsaPsa(FC=ErrorMeasuringRsaPsa),272,ErrorMeasuringRsaPsa,0,240918040238_ZCL104,0,,12.5055887,,,,,,,,,,,,,,,,,,,,,,,,,,,,,,,,,,,,,,,,,,,,,,,,,,,,,,,,,,,,,,,,,,,,,,,,,,,,,,,,,,,,,,,,,,,,,0.524,0.524,,,,,,,,,,,,,,,,,,,,,,,,,
2024-09-26 14:11:06.117,B041677W,B041677W749814400_C,Dn,CMTMB0ND-0,CMTMB0ND-0,16,MeasureRsaPsa,272,ErrorMeasuringRsaPsa,0,240917112429_ZCL104,1,0.8215715,,,21.713,23.636,0.001,UNKNOWN_BARCODE,1,,,,,,,,,,NaN,0.015,,,,,,,,,,,,,,,,,,,,,,,,,,,,,,,,,,,,0.0013,178.4637,365.8294,255.782,1.1593,False,0.052, file:/// ,NaN,-0.08,0.000,,,,-1.013,-0.067,0.00124,,,,,,,,,,,,,,,0,,,,,,,,,,,0.017,0.017,C&N2306036,,,,,,,,0.8015,,-2147483642,,,,,,,,,,,,
2024-09-26 14:11:06.835,B041677W,B041677W749814400_C,Dn,CMTMB0ND-0,CMTMB0ND-0,16,Release;MeasureRsaPsa(FC=ErrorMeasuringRsaPsa),272,ErrorMeasuringRsaPsa,0,240917112429_ZCL104,1,,22.8140654,,,,,,,,,,,,,,,,,,,,,,,,,,,,,,,,,,,,,,,,,,,,,,,,,,,,,,,,,,,,,,,,,,,,,,,,,,,,,,,,,,,,,,,,,,,,,0.513,0.513,,,,,,,,,,,,,,,,,,,,,,,,,
2024-09-26 14:11:18.447,B042672V,B042672V749814400_C,Dn,CMTMB0ND-0,CMTMB0ND-0,16,MeasureRsaPsa,272,ErrorMeasuringRsaPsa,0,240917170624_ZCL104,0,0.8700798,,,10.376,12.327,0.001,UNKNOWN_BARCODE,1,,,,,,,,,,NaN,0.015,,,,,,,,,,,,,,,,,,,,,,,,,,,,,,,,,,,,-0.0297,178.3211,365.8205,255.681,1.1535,False,0.043, file:/// ,NaN,-0.08,0.000,,,,-0.882,0.132,0.00164,,,,,,,,,,,,,,,0,,,,,,,,,,,0.017,0.017,C&N2306036,,,,,,,,0.8015,,-2147483641,,,,,,,,,,,,
2024-09-26 14:11:19.150,B042672V,B042672V749814400_C,Dn,CMTMB0ND-0,CMTMB0ND-0,16,Release;MeasureRsaPsa(FC=ErrorMeasuringRsaPsa),272,ErrorMeasuringRsaPsa,0,240917170624_ZCL104,0,,11.4443446,,,,,,,,,,,,,,,,,,,,,,,,,,,,,,,,,,,,,,,,,,,,,,,,,,,,,,,,,,,,,,,,,,,,,,,,,,,,,,,,,,,,,,,,,,,,,0.504,0.504,,,,,,,,,,,,,,,,,,,,,,,,,
2024-09-26 14:11:20.516,B042677J,B042677J749814400_C,Dn,CMTMB0ND-0,CMTMB0ND-0,16,Release;NoOperation,272,ERRORMEASURINGRSAPSA,0,240917152332_ZCL104,0,0.788456,0.5773723,,,,,B042677J,,,,,,,,,,,,,,,,,,,,,,,,,,,,,,,,,,,,,,,,,,,,,,,,,,,,,,,,,,,,,,,,,,,,,,,,,,,,,,,,,,,,,,,,,,,,,,,,,,,,,,,,,,,,,,,,,,
2024-09-26 14:11:21.881,B040273F,B040273F749814400_C,Dn,CMTMB0ND-0,CMTMB0ND-0,16,Release;NoOperation,272,ERRORMEASURINGRSAPSA,0,240918040951_ZCL104,0,0.7757396,0.592452,,,,,B040273F,,,,,,,,,,,,,,,,,,,,,,,,,,,,,,,,,,,,,,,,,,,,,,,,,,,,,,,,,,,,,,,,,,,,,,,,,,,,,,,,,,,,,,,,,,,,,,,,,,,,,,,,,,,,,,,,,,
2024-09-26 14:11:23.225,B0416798,B0416798749814400_C,Dn,CMTMB0ND-0,CMTMB0ND-0,16,Release;NoOperation,272,ERRORMEASURINGRSAPSA,0,240917144101_ZCL104,1,0.7742008,0.5693444,,,,,B0416798,,,,,,,,,,,,,,,,,,,,,,,,,,,,,,,,,,,,,,,,,,,,,,,,,,,,,,,,,,,,,,,,,,,,,,,,,,,,,,,,,,,,,,,,,,,,,,,,,,,,,,,,,,,,,,,,,,
2024-09-26 14:15:05.823,B0426708,B0426708749814400_C,Dn,CMTMB0ND-0,CMTMB0ND-0,16,MeasureRsaPsa,272,ErrorMeasuringRsaPsa,0,240918092209_ZCL104,0,2.5184498,,,219.701,225.847,1.518,UNKNOWN_BARCODE,1,,,,,,,,,,NaN,0.015,,,,,,,,,,,,,,,,,,,,,,,,,,,,,,,,,,,,-0.0317,178.5652,365.8331,255.797,1.1546,False,-0.008, file:/// ,NaN,-0.08,0.000,,,,-0.855,0.126,0.00161,,,,,,,,,,,,,,,0,,,,,,,,,,,0.020,0.020,C&N2306036,,,,,,,,0.80025,,-2147483640,,,,,,,,,,,,
2024-09-26 14:15:06.494,B0426708,B0426708749814400_C,Dn,CMTMB0ND-0,CMTMB0ND-0,16,Release;MeasureRsaPsa(FC=ErrorMeasuringRsaPsa),272,ErrorMeasuringRsaPsa,0,240918092209_ZCL104,0,,220.7487606,,,,,,,,,,,,,,,,,,,,,,,,,,,,,,,,,,,,,,,,,,,,,,,,,,,,,,,,,,,,,,,,,,,,,,,,,,,,,,,,,,,,,,,,,,,,,0.470,0.470,,,,,,,,,,,,,,,,,,,,,,,,,
2024-09-26 14:15:37.918,B0416703,B0416703749814400_C,Dn,CMTMB0ND-0,CMTMB0ND-0,16,MeasureRsaPsa,272,ErrorMeasuringRsaPsa,0,240918053254_ZCL104,0,0.8346202,,,30.202,32.104,0.001,UNKNOWN_BARCODE,1,,,,,,,,,,NaN,0.015,,,,,,,,,,,,,,,,,,,,,,,,,,,,,,,,,,,,-0.0315,178.4851,365.8275,255.781,1.1412,False,0.036, file:/// ,NaN,-0.08,0.000,,,,-1.464,-0.038,0.00122,,,,,,,,,,,,,,,0,,,,,,,,,,,0.019,0.019,C&N2306036,,,,,,,,0.8,,-2147483639,,,,,,,,,,,,
2024-09-26 14:15:38.574,B0416703,B0416703749814400_C,Dn,CMTMB0ND-0,CMTMB0ND-0,16,Release;MeasureRsaPsa(FC=ErrorMeasuringRsaPsa),272,ErrorMeasuringRsaPsa,0,240918053254_ZCL104,0,,31.2436024,,,,,,,,,,,,,,,,,,,,,,,,,,,,,,,,,,,,,,,,,,,,,,,,,,,,,,,,,,,,,,,,,,,,,,,,,,,,,,,,,,,,,,,,,,,,,0.459,0.459,,,,,,,,,,,,,,,,,,,,,,,,,
2024-09-26 14:15:50.138,B040273A,B040273A749814400_C,Dn,CMTMB0ND-0,CMTMB0ND-0,16,MeasureRsaPsa,272,ErrorMeasuringRsaPsa,0,240917153832_ZCL116,0,0.8062309,,,10.392,12.221,0.001,UNKNOWN_BARCODE,1,,,,,,,,,,NaN,0.015,,,,,,,,,,,,,,,,,,,,,,,,,,,,,,,,,,,,-0.0096,178.1552,365.8539,255.736,1.1498,False,-0.002, file:/// ,NaN,-0.08,0.000,,,,-0.970,-0.035,0.00097,,,,,,,,,,,,,,,0,,,,,,,,,,,0.021,0.021,C&N2306036,,,,,,,,0.8015,,-2147483638,,,,,,,,,,,,
2024-09-26 14:15:50.857,B040273A,B040273A749814400_C,Dn,CMTMB0ND-0,CMTMB0ND-0,16,Release;MeasureRsaPsa(FC=ErrorMeasuringRsaPsa),272,ErrorMeasuringRsaPsa,0,240917153832_ZCL116,0,,11.4780506,,,,,,,,,,,,,,,,,,,,,,,,,,,,,,,,,,,,,,,,,,,,,,,,,,,,,,,,,,,,,,,,,,,,,,,,,,,,,,,,,,,,,,,,,,,,,0.509,0.509,,,,,,,,,,,,,,,,,,,,,,,,,
2024-09-26 14:15:52.278,B040271T,B040271T749814400_C,Dn,CMTMB0ND-0,CMTMB0ND-0,16,Release;NoOperation,272,ERRORMEASURINGRSAPSA,0,240918040238_ZCL104,0,0.8327296,0.5872325,,,,,B040271T,,,,,,,,,,,,,,,,,,,,,,,,,,,,,,,,,,,,,,,,,,,,,,,,,,,,,,,,,,,,,,,,,,,,,,,,,,,,,,,,,,,,,,,,,,,,,,,,,,,,,,,,,,,,,,,,,,
2024-09-26 14:15:53.700,B040274H,B040274H749814400_C,Dn,CMTMB0ND-0,CMTMB0ND-0,16,Release;NoOperation,272,ERRORMEASURINGRSAPSA,0,240917150341_ZCL104,0,0.8663535,0.5560998,,,,,B040274H,,,,,,,,,,,,,,,,,,,,,,,,,,,,,,,,,,,,,,,,,,,,,,,,,,,,,,,,,,,,,,,,,,,,,,,,,,,,,,,,,,,,,,,,,,,,,,,,,,,,,,,,,,,,,,,,,,
2024-09-26 14:15:55.059,B040273F,B040273F749814400_C,Dn,CMTMB0ND-0,CMTMB0ND-0,16,Release;NoOperation,272,ERRORMEASURINGRSAPSA,0,240918040951_ZCL104,0,0.8034394,0.5551756,,,,,B040273F,,,,,,,,,,,,,,,,,,,,,,,,,,,,,,,,,,,,,,,,,,,,,,,,,,,,,,,,,,,,,,,,,,,,,,,,,,,,,,,,,,,,,,,,,,,,,,,,,,,,,,,,,,,,,,,,,,
2024-09-26 14:15:57.558,B041677W,B041677W749814400_C,Dn,CMTMB0ND-0,CMTMB0ND-0,16,Release;NoOperation,272,ERRORMEASURINGRSAPSA,0,240917112429_ZCL104,1,1.9178795,0.5822309,,,,,B041677W,,,,,,,,,,,,,,,,,,,,,,,,,,,,,,,,,,,,,,,,,,,,,,,,,,,,,,,,,,,,,,,,,,,,,,,,,,,,,,,,,,,,,,,,,,,,,,,,,,,,,,,,,,,,,,,,,,
2024-09-26 14:16:00.370,B042672V,B042672V749814400_C,Dn,CMTMB0ND-0,CMTMB0ND-0,16,Release;NoOperation,272,ERRORMEASURINGRSAPSA,0,240917170624_ZCL104,0,2.2409777,0.5687605,,,,,B042672V,,,,,,,,,,,,,,,,,,,,,,,,,,,,,,,,,,,,,,,,,,,,,,,,,,,,,,,,,,,,,,,,,,,,,,,,,,,,,,,,,,,,,,,,,,,,,,,,,,,,,,,,,,,,,,,,,,
2024-09-26 14:16:03.120,B042677J,B042677J749814400_C,Dn,CMTMB0ND-0,CMTMB0ND-0,16,Release;NoOperation,272,ERRORMEASURINGRSAPSA,0,240917152332_ZCL104,0,2.2101999,0.5399527,,,,,B042677J,,,,,,,,,,,,,,,,,,,,,,,,,,,,,,,,,,,,,,,,,,,,,,,,,,,,,,,,,,,,,,,,,,,,,,,,,,,,,,,,,,,,,,,,,,,,,,,,,,,,,,,,,,,,,,,,,,
2024-09-26 14:16:19.588,B0416798,B0416798749814400_C,Dn,CMTMB0ND-0,CMTMB0ND-0,16,Release;NoOperation,272,ERRORMEASURINGRSAPSA,0,240917144101_ZCL104,1,15.915069,0.5525246,,,,,B0416798,,,,,,,,,,,,,,,,,,,,,,,,,,,,,,,,,,,,,,,,,,,,,,,,,,,,,,,,,,,,,,,,,,,,,,,,,,,,,,,,,,,,,,,,,,,,,,,,,,,,,,,,,,,,,,,,,,
2024-09-26 15:53:28.845,B0426708,B0426708749814400_C,Dn,CMTMB0ND-0,CMTMB0ND-0,16,MeasureRsaPsa,272,ErrorMeasuringRsaPsa,0,240918092209_ZCL104,0,448.2565333,,,1487.862,1494.492,443.941,UNKNOWN_BARCODE,1,,,,,,,,,,NaN,0.015,,,,,,,,,,,,,,,,,,,,,,,,,,,,,,,,,,,,-0.0317,178.4058,365.8532,255.782,1.1554,False,-0.003, file:/// ,NaN,-0.08,0.000,,,,-1.162,0.024,0.00152,,,,,,,,,,,,,,,0,,,,,,,,,,,0.020,0.020,C&N2306026,,,,,,,,0.79225,,-2147483637,,,,,,,,,,,,
2024-09-26 15:53:29.549,B0426708,B0426708749814400_C,Dn,CMTMB0ND-0,CMTMB0ND-0,16,Release;MeasureRsaPsa(FC=ErrorMeasuringRsaPsa),272,ErrorMeasuringRsaPsa,0,240918092209_ZCL104,0,,1488.9646446,,,,,,,,,,,,,,,,,,,,,,,,,,,,,,,,,,,,,,,,,,,,,,,,,,,,,,,,,,,,,,,,,,,,,,,,,,,,,,,,,,,,,,,,,,,,,0.501,0.501,,,,,,,,,,,,,,,,,,,,,,,,,
2024-09-26 15:54:10.152,B040273F,B040273F749814400_C,Dn,CMTMB0ND-0,CMTMB0ND-0,16,MeasureRsaPsa,272,ErrorMeasuringRsaPsa,0,240918040951_ZCL104,0,0.7871216,,,39.437,41.319,0.001,UNKNOWN_BARCODE,1,,,,,,,,,,NaN,0.015,,,,,,,,,,,,,,,,,,,,,,,,,,,,,,,,,,,,-0.0135,178.1927,365.8668,255.736,1.1443,False,0.041, file:/// ,NaN,-0.08,0.000,,,,-0.241,0.148,0.00152,,,,,,,,,,,,,,,0,,,,,,,,,,,0.014,0.014,C&N2306026,,,,,,,,0.796,,-2147483636,,,,,,,,,,,,
2024-09-26 15:54:10.855,B040273F,B040273F749814400_C,Dn,CMTMB0ND-0,CMTMB0ND-0,16,Release;MeasureRsaPsa(FC=ErrorMeasuringRsaPsa),272,ErrorMeasuringRsaPsa,0,240918040951_ZCL104,0,,40.5174583,,,,,,,,,,,,,,,,,,,,,,,,,,,,,,,,,,,,,,,,,,,,,,,,,,,,,,,,,,,,,,,,,,,,,,,,,,,,,,,,,,,,,,,,,,,,,0.485,0.485,,,,,,,,,,,,,,,,,,,,,,,,,
2024-09-26 15:54:24.296,B040271T,B040271T749814400_C,Dn,CMTMB0ND-0,CMTMB0ND-0,16,MeasureRsaPsa,272,ErrorMeasuringRsaPsa,0,240918040238_ZCL104,0,0.8701032,,,12.179,14.128,0.002,UNKNOWN_BARCODE,1,,,,,,,,,,NaN,0.015,,,,,,,,,,,,,,,,,,,,,,,,,,,,,,,,,,,,-0.0147,178.1510,365.8756,255.824,1.1536,False,0.087, file:/// ,NaN,-0.08,0.000,,,,-1.317,-0.005,0.00172,,,,,,,,,,,,,,,0,,,,,,,,,,,0.019,0.019,C&N2306026,,,,,,,,0.7935,,-2147483635,,,,,,,,,,,,
2024-09-26 15:54:25.015,B040271T,B040271T749814400_C,Dn,CMTMB0ND-0,CMTMB0ND-0,16,Release;MeasureRsaPsa(FC=ErrorMeasuringRsaPsa),272,ErrorMeasuringRsaPsa,0,240918040238_ZCL104,0,,13.2913892,,,,,,,,,,,,,,,,,,,,,,,,,,,,,,,,,,,,,,,,,,,,,,,,,,,,,,,,,,,,,,,,,,,,,,,,,,,,,,,,,,,,,,,,,,,,,0.512,0.512,,,,,,,,,,,,,,,,,,,,,,,,,
2024-09-26 15:54:37.121,B042677J,B042677J749814400_C,Dn,CMTMB0ND-0,CMTMB0ND-0,16,MeasureRsaPsa,272,ErrorMeasuringRsaPsa,0,240917152332_ZCL104,0,0.8515886,,,10.859,12.832,0.002,UNKNOWN_BARCODE,1,,,,,,,,,,NaN,0.015,,,,,,,,,,,,,,,,,,,,,,,,,,,,,,,,,,,,-0.0014,178.2488,365.8523,255.690,1.1529,False,0.063, file:/// ,NaN,-0.08,0.000,,,,-1.130,0.067,0.00188,,,,,,,,,,,,,,,0,,,,,,,,,,,0.018,0.018,C&N2306026,,,,,,,,0.7975,,-2147483634,,,,,,,,,,,,
2024-09-26 15:54:37.840,B042677J,B042677J749814400_C,Dn,CMTMB0ND-0,CMTMB0ND-0,16,Release;MeasureRsaPsa(FC=ErrorMeasuringRsaPsa),272,ErrorMeasuringRsaPsa,0,240917152332_ZCL104,0,,11.9736129,,,,,,,,,,,,,,,,,,,,,,,,,,,,,,,,,,,,,,,,,,,,,,,,,,,,,,,,,,,,,,,,,,,,,,,,,,,,,,,,,,,,,,,,,,,,,0.518,0.518,,,,,,,,,,,,,,,,,,,,,,,,,
2024-09-26 15:54:48.626,B0416703,B0416703749814400_C,Dn,CMTMB0ND-0,CMTMB0ND-0,16,MeasureRsaPsa,272,ErrorMeasuringRsaPsa,0,240918053254_ZCL104,0,0.8107259,,,9.600,11.509,0.002,UNKNOWN_BARCODE,1,,,,,,,,,,NaN,0.015,,,,,,,,,,,,,,,,,,,,,,,,,,,,,,,,,,,,-0.0315,178.4490,365.8484,255.804,1.1417,False,0.037, file:/// ,NaN,-0.08,0.000,,,,-1.469,-0.097,0.00166,,,,,,,,,,,,,,,0,,,,,,,,,,,0.016,0.016,C&N2306026,,,,,,,,0.7975,,-2147483633,,,,,,,,,,,,
2024-09-26 15:54:49.313,B0416703,B0416703749814400_C,Dn,CMTMB0ND-0,CMTMB0ND-0,16,Release;MeasureRsaPsa(FC=ErrorMeasuringRsaPsa),272,ErrorMeasuringRsaPsa,0,240918053254_ZCL104,0,,10.659419,,,,,,,,,,,,,,,,,,,,,,,,,,,,,,,,,,,,,,,,,,,,,,,,,,,,,,,,,,,,,,,,,,,,,,,,,,,,,,,,,,,,,,,,,,,,,0.495,0.495,,,,,,,,,,,,,,,,,,,,,,,,,
2024-09-26 15:55:00.404,B0416798,B0416798749814400_C,Dn,CMTMB0ND-0,CMTMB0ND-0,16,MeasureRsaPsa,272,ErrorMeasuringRsaPsa,0,240917144101_ZCL104,1,0.8682866,,,9.860,11.773,0.002,UNKNOWN_BARCODE,1,,,,,,,,,,NaN,0.015,,,,,,,,,,,,,,,,,,,,,,,,,,,,,,,,,,,,-0.0133,178.3111,365.8507,255.802,1.1494,False,0.047, file:/// ,NaN,-0.08,0.000,,,,-1.476,0.065,0.00142,,,,,,,,,,,,,,,0,,,,,,,,,,,0.020,0.020,C&N2306026,,,,,,,,0.79475,,-2147483632,,,,,,,,,,,,
2024-09-26 15:55:01.091,B0416798,B0416798749814400_C,Dn,CMTMB0ND-0,CMTMB0ND-0,16,Release;MeasureRsaPsa(FC=ErrorMeasuringRsaPsa),272,ErrorMeasuringRsaPsa,0,240917144101_ZCL104,1,,10.9102511,,,,,,,,,,,,,,,,,,,,,,,,,,,,,,,,,,,,,,,,,,,,,,,,,,,,,,,,,,,,,,,,,,,,,,,,,,,,,,,,,,,,,,,,,,,,,0.497,0.497,,,,,,,,,,,,,,,,,,,,,,,,,
2024-09-26 15:55:13.901,B040273A,B040273A749814400_C,Dn,CMTMB0ND-0,CMTMB0ND-0,16,MeasureRsaPsa,272,ErrorMeasuringRsaPsa,0,240917153832_ZCL116,0,0.8079449,,,11.619,13.493,0.002,UNKNOWN_BARCODE,1,,,,,,,,,,NaN,0.015,,,,,,,,,,,,,,,,,,,,,,,,,,,,,,,,,,,,-0.0096,178.2302,365.8728,255.746,1.1505,False,-0.001, file:/// ,NaN,-0.08,0.000,,,,-0.996,0.073,0.00150,,,,,,,,,,,,,,,0,,,,,,,,,,,0.016,0.016,C&N2306026,,,,,,,,0.7975,,-2147483631,,,,,,,,,,,,
2024-09-26 15:55:14.619,B040273A,B040273A749814400_C,Dn,CMTMB0ND-0,CMTMB0ND-0,16,Release;MeasureRsaPsa(FC=ErrorMeasuringRsaPsa),272,ErrorMeasuringRsaPsa,0,240917153832_ZCL116,0,,12.7220747,,,,,,,,,,,,,,,,,,,,,,,,,,,,,,,,,,,,,,,,,,,,,,,,,,,,,,,,,,,,,,,,,,,,,,,,,,,,,,,,,,,,,,,,,,,,,0.510,0.510,,,,,,,,,,,,,,,,,,,,,,,,,
2024-09-26 15:55:25.946,B041677W,B041677W749814400_C,Dn,CMTMB0ND-0,CMTMB0ND-0,16,MeasureRsaPsa,272,ErrorMeasuringRsaPsa,0,240917112429_ZCL104,1,0.864092,,,10.105,12.054,0.002,UNKNOWN_BARCODE,1,,,,,,,,,,NaN,0.015,,,,,,,,,,,,,,,,,,,,,,,,,,,,,,,,,,,,0.0013,178.2258,365.8514,255.774,1.1594,False,0.071, file:/// ,NaN,-0.08,0.000,,,,-0.965,-0.076,0.00145,,,,,,,,,,,,,,,0,,,,,,,,,,,0.006,0.006,C&N2306026,,,,,,,,0.7975,,-2147483630,,,,,,,,,,,,
2024-09-26 15:55:26.618,B041677W,B041677W749814400_C,Dn,CMTMB0ND-0,CMTMB0ND-0,16,Release;MeasureRsaPsa(FC=ErrorMeasuringRsaPsa),272,ErrorMeasuringRsaPsa,0,240917112429_ZCL104,1,,11.1325559,,,,,,,,,,,,,,,,,,,,,,,,,,,,,,,,,,,,,,,,,,,,,,,,,,,,,,,,,,,,,,,,,,,,,,,,,,,,,,,,,,,,,,,,,,,,,0.475,0.475,,,,,,,,,,,,,,,,,,,,,,,,,
2024-09-26 15:55:37.990,B040274H,B040274H749814400_C,Dn,CMTMB0ND-0,CMTMB0ND-0,16,MeasureRsaPsa,272,ErrorMeasuringRsaPsa,0,240917150341_ZCL104,0,0.8343557,,,10.177,12.036,0.002,UNKNOWN_BARCODE,1,,,,,,,,,,NaN,0.015,,,,,,,,,,,,,,,,,,,,,,,,,,,,,,,,,,,,-0.0260,178.3556,365.8584,255.669,1.1608,False,0.084, file:/// ,NaN,-0.08,0.000,,,,-1.331,-0.390,0.00094,,,,,,,,,,,,,,,0,,,,,,,,,,,0.007,0.007,C&N2306026,,,,,,,,0.79625,,-2147483629,,,,,,,,,,,,
2024-09-26 15:55:38.709,B040274H,B040274H749814400_C,Dn,CMTMB0ND-0,CMTMB0ND-0,16,Release;MeasureRsaPsa(FC=ErrorMeasuringRsaPsa),272,ErrorMeasuringRsaPsa,0,240917150341_ZCL104,0,,11.257093,,,,,,,,,,,,,,,,,,,,,,,,,,,,,,,,,,,,,,,,,,,,,,,,,,,,,,,,,,,,,,,,,,,,,,,,,,,,,,,,,,,,,,,,,,,,,0.518,0.518,,,,,,,,,,,,,,,,,,,,,,,,,
2024-09-26 15:55:56.345,B042672V,B042672V749814400_C,Dn,CMTMB0ND-0,CMTMB0ND-0,16,MeasureRsaPsa,272,ErrorMeasuringRsaPsa,0,240917170624_ZCL104,0,0.8019447,,,16.467,18.357,0.002,UNKNOWN_BARCODE,1,,,,,,,,,,NaN,0.015,,,,,,,,,,,,,,,,,,,,,,,,,,,,,,,,,,,,-0.0297,178.2873,365.8402,255.726,1.1543,False,0.060, file:/// ,NaN,-0.08,0.000,,,,-0.757,0.025,0.00108,,,,,,,,,,,,,,,0,,,,,,,,,,,0.009,0.009,C&N2306026,,,,,,,,0.79625,,-2147483628,,,,,,,,,,,,
2024-09-26 15:55:57.111,B042672V,B042672V749814400_C,Dn,CMTMB0ND-0,CMTMB0ND-0,16,Release;MeasureRsaPsa(FC=ErrorMeasuringRsaPsa),272,ErrorMeasuringRsaPsa,0,240917170624_ZCL104,0,,17.5997179,,,,,,,,,,,,,,,,,,,,,,,,,,,,,,,,,,,,,,,,,,,,,,,,,,,,,,,,,,,,,,,,,,,,,,,,,,,,,,,,,,,,,,,,,,,,,0.531,0.531,,,,,,,,,,,,,,,,,,,,,,,,,
2024-09-26 16:00:19.778,B0426708,B0426708749814400_C,Dn,CMTMB0ND-0,CMTMB0ND-0,16,MeasureRsaPsa,272,ErrorMeasuringRsaPsa,0,240918092209_ZCL104,0,22.1559925,,,3.759,10.458,17.397,B0426708,1,,,,,,,,,,NaN,0.015,,,,,,,,,,,,,,,,,,,,,,,,,,,,,,,,,,,,-0.0317,178.3360,365.8482,255.781,1.1555,False,-0.003, file:/// ,NaN,-0.08,0.000,,,,-1.170,0.002,0.00156,,,,,,,,,,,,,,,0,,,,,,,,,,,,,C&N2306026,,,,,,,,0.792,,-2147483647,,,,,,,,,,,,
2024-09-26 16:00:20.512,B0426708,B0426708749814400_C,Dn,CMTMB0ND-0,CMTMB0ND-0,16,Release;MeasureRsaPsa(FC=ErrorMeasuringRsaPsa),272,ErrorMeasuringRsaPsa,0,240918092209_ZCL104,0,,4.8619011,,,,,,,,,,,,,,,,,,,,,,,,,,,,,,,,,,,,,,,,,,,,,,,,,,,,,,,,,,,,,,,,,,,,,,,,,,,,,,,,,,,,,,,,,,,,,0.507,0.507,,,,,,,,,,,,,,,,,,,,,,,,,
2024-09-26 16:01:20.448,B0426708,B0426708749814400_C,Dn,CMTMB0ND-0,CMTMB0ND-0,16,Release;NoOperation,272,ERRORMEASURINGRSAPSA,0,240918092209_ZCL104,0,59.376531,0.5586554,,,,,B0426708,,,,,,,,,,,,,,,,,,,,,,,,,,,,,,,,,,,,,,,,,,,,,,,,,,,,,,,,,,,,,,,,,,,,,,,,,,,,,,,,,,,,,,,,,,,,,,,,,,,,,,,,,,,,,,,,,,
2024-09-26 16:02:17.991,B0426708,B0426708749814400_C,Dn,CMTMB0ND-0,CMTMB0ND-0,16,Release;NoOperation,272,ERRORMEASURINGRSAPSA,0,240918092209_ZCL104,0,56.9630854,0.57754,,,,,B0426708,,,,,,,,,,,,,,,,,,,,,,,,,,,,,,,,,,,,,,,,,,,,,,,,,,,,,,,,,,,,,,,,,,,,,,,,,,,,,,,,,,,,,,,,,,,,,,,,,,,,,,,,,,,,,,,,,,
2024-09-26 16:21:28.028,B042677J,B042677J749814400_C,Dn,CMTMB0ND-0,CMTMB0ND-0,0,MeasureRsaPsa,0,ERRORMEASURINGRSAPSA,0,240917152332_ZCL104,0,262.3425298,,,2.315,9.074,257.540,UNKNOWN_BARCODE,1,,,,,,,,,,NaN,0.015,,,,,,,,,,,,,,,,,,,,,,,,,,,,,,,,,,,,-0.0014,178.4123,365.8515,255.682,1.1527,False,0.064, file:/// ,NaN,-0.08,0.000,,,,-1.044,0.068,0.00183,,,,,,,,,,,,,,,0,,,,,,,,,,,0.012,0.012,C&N2306026,,,,,,,,0.7935,,-2147483647,,,,,,,,,,,,
2024-09-26 16:21:29.090,B042677J,B042677J749814400_C,Dn,CMTMB0ND-0,CMTMB0ND-0,0,ConfirmNoSliderInSETS,0,ERRORMEASURINGRSAPSA,0,240917152332_ZCL104,0,,,,1.057,0.000,0.000,,2,,,,,,,,,,NaN,0,,,,,,,,,,,,,,,,,,,,,,,,,,,,,,,,,,,,NaN,178.4128,365.8525,255.665,1.1527,False,0.063, file:/// ,NaN,-0.08,0.000,,,,,,,,,,,,,,,,,,,,,0,,,,,,,,,,,,,,,,,,,,,,,,,,,,,,,,,,,
2024-09-26 16:21:29.293,B042677J,B042677J749814400_C,Dn,CMTMB0ND-0,CMTMB0ND-0,0,Release;NoOperation,0,ERRORMEASURINGRSAPSA,0,240917152332_ZCL104,0,,3.9711469,,,,,,,,,,,,,,,,,,,,,,,,,,,,,,,,,,,,,,,,,,,,,,,,,,,,,,,,,,,,,,,,,,,,,,,,,,,,,,,,,,,,,,,,,,,,,,,,,,,,,,,,,,,,,,,,,,,,,,,
2024-09-26 16:21:32.463,B040274H,B040274H749814400_C,Dn,CMTMB0ND-0,CMTMB0ND-0,0,MeasureRsaPsa,0,ERRORMEASURINGRSAPSA,0,240917150341_ZCL104,0,0.7907858,,,2.000,2.034,2.428,UNKNOWN_BARCODE,1,,,,,,,,,,NaN,0.015,,,,,,,,,,,,,,,,,,,,,,,,,,,,,,,,,,,,-0.0260,178.4998,365.8596,255.698,1.1606,False,0.085, file:/// ,NaN,-0.08,0.000,,,,-1.322,-0.393,0.00100,,,,,,,,,,,,,,,0,,,,,,,,,,,0.007,0.007,C&N2306026,,,,,,,,0.7935,,-2147483646,,,,,,,,,,,,
2024-09-26 16:21:33.573,B040274H,B040274H749814400_C,Dn,CMTMB0ND-0,CMTMB0ND-0,0,ConfirmNoSliderInSETS,0,ERRORMEASURINGRSAPSA,0,240917150341_ZCL104,0,,,,1.094,0.000,0.000,,2,,,,,,,,,,NaN,0,,,,,,,,,,,,,,,,,,,,,,,,,,,,,,,,,,,,NaN,178.4996,365.8611,255.698,1.1612,False,0.085, file:/// ,NaN,-0.08,0.000,,,,,,,,,,,,,,,,,,,,,0,,,,,,,,,,,,,,,,,,,,,,,,,,,,,,,,,,,
2024-09-26 16:21:33.776,B040274H,B040274H749814400_C,Dn,CMTMB0ND-0,CMTMB0ND-0,0,Release;NoOperation,0,ERRORMEASURINGRSAPSA,0,240917150341_ZCL104,0,,3.6941276,,,,,,,,,,,,,,,,,,,,,,,,,,,,,,,,,,,,,,,,,,,,,,,,,,,,,,,,,,,,,,,,,,,,,,,,,,,,,,,,,,,,,,,,,,,,,,,,,,,,,,,,,,,,,,,,,,,,,,,
2024-09-26 16:21:42.284,B040271T,B040271T749814400_C,Dn,CMTMB0ND-0,CMTMB0ND-0,0,MeasureRsaPsa,0,ERRORMEASURINGRSAPSA,0,240918040238_ZCL104,0,6.1387877,,,1.988,1.992,7.829,UNKNOWN_BARCODE,1,,,,,,,,,,NaN,0.015,,,,,,,,,,,,,,,,,,,,,,,,,,,,,,,,,,,,-0.0147,178.1382,365.8767,255.803,1.1538,False,0.090, file:/// ,NaN,-0.08,0.000,,,,-1.363,-0.018,0.00177,,,,,,,,,,,,,,,0,,,,,,,,,,,0.018,0.018,C&N2306026,,,,,,,,0.7935,,-2147483645,,,,,,,,,,,,
2024-09-26 16:21:43.378,B040271T,B040271T749814400_C,Dn,CMTMB0ND-0,CMTMB0ND-0,0,ConfirmNoSliderInSETS,0,ERRORMEASURINGRSAPSA,0,240918040238_ZCL104,0,,,,1.096,0.000,0.000,,2,,,,,,,,,,NaN,0,,,,,,,,,,,,,,,,,,,,,,,,,,,,,,,,,,,,NaN,178.1385,365.8777,255.805,1.1538,False,0.090, file:/// ,NaN,-0.08,0.000,,,,,,,,,,,,,,,,,,,,,0,,,,,,,,,,,,,,,,,,,,,,,,,,,,,,,,,,,
2024-09-26 16:21:43.581,B040271T,B040271T749814400_C,Dn,CMTMB0ND-0,CMTMB0ND-0,0,Release;NoOperation,0,ERRORMEASURINGRSAPSA,0,240918040238_ZCL104,0,,3.6636685,,,,,,,,,,,,,,,,,,,,,,,,,,,,,,,,,,,,,,,,,,,,,,,,,,,,,,,,,,,,,,,,,,,,,,,,,,,,,,,,,,,,,,,,,,,,,,,,,,,,,,,,,,,,,,,,,,,,,,,
2024-09-26 16:21:52.437,B041677W,B041677W749814400_C,Dn,CMTMB0ND-0,CMTMB0ND-0,0,MeasureRsaPsa,0,ERRORMEASURINGRSAPSA,0,240917112429_ZCL104,1,6.3985124,,,2.059,2.050,8.103,UNKNOWN_BARCODE,1,,,,,,,,,,NaN,0.015,,,,,,,,,,,,,,,,,,,,,,,,,,,,,,,,,,,,0.0013,178.4012,365.8494,255.781,1.1599,False,0.076, file:/// ,NaN,-0.08,0.000,,,,-1.111,-0.113,0.00122,,,,,,,,,,,,,,,0,,,,,,,,,,,0.034,0.034,C&N2306026,,,,,,,,0.7935,,-2147483644,,,,,,,,,,,,
2024-09-26 16:21:53.533,B041677W,B041677W749814400_C,Dn,CMTMB0ND-0,CMTMB0ND-0,0,ConfirmNoSliderInSETS,0,ERRORMEASURINGRSAPSA,0,240917112429_ZCL104,1,,,,1.087,0.000,0.000,,2,,,,,,,,,,NaN,0,,,,,,,,,,,,,,,,,,,,,,,,,,,,,,,,,,,,NaN,178.4016,365.8500,255.762,1.1596,False,0.075, file:/// ,NaN,-0.08,0.000,,,,,,,,,,,,,,,,,,,,,0,,,,,,,,,,,,,,,,,,,,,,,,,,,,,,,,,,,
2024-09-26 16:21:53.720,B041677W,B041677W749814400_C,Dn,CMTMB0ND-0,CMTMB0ND-0,0,Release;NoOperation,0,ERRORMEASURINGRSAPSA,0,240917112429_ZCL104,1,,3.7406264,,,,,,,,,,,,,,,,,,,,,,,,,,,,,,,,,,,,,,,,,,,,,,,,,,,,,,,,,,,,,,,,,,,,,,,,,,,,,,,,,,,,,,,,,,,,,,,,,,,,,,,,,,,,,,,,,,,,,,,
2024-09-26 16:21:58.366,B042672V,B042672V749814400_C,Dn,CMTMB0ND-0,CMTMB0ND-0,0,MeasureRsaPsa,0,ERRORMEASURINGRSAPSA,0,240917170624_ZCL104,0,2.2027105,,,2.054,2.023,3.908,UNKNOWN_BARCODE,1,,,,,,,,,,NaN,0.015,,,,,,,,,,,,,,,,,,,,,,,,,,,,,,,,,,,,-0.0297,178.3627,365.8412,255.679,1.1539,False,0.060, file:/// ,NaN,-0.08,0.000,,,,-0.744,0.081,0.00134,,,,,,,,,,,,,,,0,,,,,,,,,,,0.018,0.018,C&N2306026,,,,,,,,0.7935,,-2147483643,,,,,,,,,,,,
2024-09-26 16:21:59.467,B042672V,B042672V749814400_C,Dn,CMTMB0ND-0,CMTMB0ND-0,0,ConfirmNoSliderInSETS,0,ERRORMEASURINGRSAPSA,0,240917170624_ZCL104,0,,,,1.091,0.000,0.000,,2,,,,,,,,,,NaN,0,,,,,,,,,,,,,,,,,,,,,,,,,,,,,,,,,,,,NaN,178.3626,365.8421,255.695,1.1540,False,0.060, file:/// ,NaN,-0.08,0.000,,,,,,,,,,,,,,,,,,,,,0,,,,,,,,,,,,,,,,,,,,,,,,,,,,,,,,,,,
2024-09-26 16:21:59.655,B042672V,B042672V749814400_C,Dn,CMTMB0ND-0,CMTMB0ND-0,0,Release;NoOperation,0,ERRORMEASURINGRSAPSA,0,240917170624_ZCL104,0,,3.7321911,,,,,,,,,,,,,,,,,,,,,,,,,,,,,,,,,,,,,,,,,,,,,,,,,,,,,,,,,,,,,,,,,,,,,,,,,,,,,,,,,,,,,,,,,,,,,,,,,,,,,,,,,,,,,,,,,,,,,,,
2024-09-26 16:22:04.201,B040273F,B040273F749814400_C,Dn,CMTMB0ND-0,CMTMB0ND-0,0,MeasureRsaPsa,0,ERRORMEASURINGRSAPSA,0,240918040951_ZCL104,0,2.0815607,,,2.063,2.038,3.796,UNKNOWN_BARCODE,1,,,,,,,,,,NaN,0.015,,,,,,,,,,,,,,,,,,,,,,,,,,,,,,,,,,,,-0.0135,178.1686,365.8699,255.714,1.1449,False,0.040, file:/// ,NaN,-0.08,0.000,,,,-0.286,0.081,0.00169,,,,,,,,,,,,,,,0,,,,,,,,,,,0.016,0.016,C&N2306026,,,,,,,,0.7935,,-2147483642,,,,,,,,,,,,
2024-09-26 16:22:05.296,B040273F,B040273F749814400_C,Dn,CMTMB0ND-0,CMTMB0ND-0,0,ConfirmNoSliderInSETS,0,ERRORMEASURINGRSAPSA,0,240918040951_ZCL104,0,,,,1.081,0.000,0.000,,2,,,,,,,,,,NaN,0,,,,,,,,,,,,,,,,,,,,,,,,,,,,,,,,,,,,NaN,178.1686,365.8708,255.704,1.1448,False,0.040, file:/// ,NaN,-0.08,0.000,,,,,,,,,,,,,,,,,,,,,0,,,,,,,,,,,,,,,,,,,,,,,,,,,,,,,,,,,
2024-09-26 16:22:05.499,B040273F,B040273F749814400_C,Dn,CMTMB0ND-0,CMTMB0ND-0,0,Release;NoOperation,0,ERRORMEASURINGRSAPSA,0,240918040951_ZCL104,0,,3.7623624,,,,,,,,,,,,,,,,,,,,,,,,,,,,,,,,,,,,,,,,,,,,,,,,,,,,,,,,,,,,,,,,,,,,,,,,,,,,,,,,,,,,,,,,,,,,,,,,,,,,,,,,,,,,,,,,,,,,,,,
2024-09-26 16:22:10.205,B040273A,B040273A749814400_C,Dn,CMTMB0ND-0,CMTMB0ND-0,0,MeasureRsaPsa,0,ERRORMEASURINGRSAPSA,0,240917153832_ZCL116,0,2.0686742,,,2.241,2.066,3.937,UNKNOWN_BARCODE,1,,,,,,,,,,NaN,0.015,,,,,,,,,,,,,,,,,,,,,,,,,,,,,,,,,,,,-0.0096,178.1461,365.8758,255.711,1.1507,False,-0.001, file:/// ,NaN,-0.08,0.000,,,,-1.131,0.027,0.00168,,,,,,,,,,,,,,,0,,,,,,,,,,,0.016,0.016,C&N2306026,,,,,,,,0.7935,,-2147483641,,,,,,,,,,,,
2024-09-26 16:22:11.283,B040273A,B040273A749814400_C,Dn,CMTMB0ND-0,CMTMB0ND-0,0,ConfirmNoSliderInSETS,0,ERRORMEASURINGRSAPSA,0,240917153832_ZCL116,0,,,,1.078,0.000,0.000,,2,,,,,,,,,,NaN,0,,,,,,,,,,,,,,,,,,,,,,,,,,,,,,,,,,,,NaN,178.1459,365.8771,255.716,1.1507,False,-0.001, file:/// ,NaN,-0.08,0.000,,,,,,,,,,,,,,,,,,,,,0,,,,,,,,,,,,,,,,,,,,,,,,,,,,,,,,,,,
2024-09-26 16:22:11.481,B040273A,B040273A749814400_C,Dn,CMTMB0ND-0,CMTMB0ND-0,0,Release;NoOperation,0,ERRORMEASURINGRSAPSA,0,240917153832_ZCL116,0,,3.9157306,,,,,,,,,,,,,,,,,,,,,,,,,,,,,,,,,,,,,,,,,,,,,,,,,,,,,,,,,,,,,,,,,,,,,,,,,,,,,,,,,,,,,,,,,,,,,,,,,,,,,,,,,,,,,,,,,,,,,,,
2024-09-26 16:22:15.524,B0426708,B0426708749814400_C,Dn,CMTMB0ND-0,CMTMB0ND-0,0,MeasureRsaPsa,0,ERRORMEASURINGRSAPSA,0,240918092209_ZCL104,0,1.5686744,,,2.056,2.065,3.254,UNKNOWN_BARCODE,1,,,,,,,,,,NaN,0.015,,,,,,,,,,,,,,,,,,,,,,,,,,,,,,,,,,,,-0.0317,178.3914,365.8503,255.790,1.1551,False,-0.002, file:/// ,NaN,-0.08,0.000,,,,-1.188,-0.011,0.00164,,,,,,,,,,,,,,,0,,,,,,,,,,,0.019,0.019,C&N2306026,,,,,,,,0.7935,,-2147483640,,,,,,,,,,,,
2024-09-26 16:22:16.602,B0426708,B0426708749814400_C,Dn,CMTMB0ND-0,CMTMB0ND-0,0,ConfirmNoSliderInSETS,0,ERRORMEASURINGRSAPSA,0,240918092209_ZCL104,0,,,,1.067,0.000,0.000,,2,,,,,,,,,,NaN,0,,,,,,,,,,,,,,,,,,,,,,,,,,,,,,,,,,,,NaN,178.3912,365.8504,255.787,1.1553,False,-0.002, file:/// ,NaN,-0.08,0.000,,,,,,,,,,,,,,,,,,,,,0,,,,,,,,,,,,,,,,,,,,,,,,,,,,,,,,,,,
2024-09-26 16:22:16.790,B0426708,B0426708749814400_C,Dn,CMTMB0ND-0,CMTMB0ND-0,0,Release;NoOperation,0,ERRORMEASURINGRSAPSA,0,240918092209_ZCL104,0,,3.7375003,,,,,,,,,,,,,,,,,,,,,,,,,,,,,,,,,,,,,,,,,,,,,,,,,,,,,,,,,,,,,,,,,,,,,,,,,,,,,,,,,,,,,,,,,,,,,,,,,,,,,,,,,,,,,,,,,,,,,,,
2024-09-26 16:22:23.121,B0416798,B0416798749814400_C,Dn,CMTMB0ND-0,CMTMB0ND-0,0,MeasureRsaPsa,0,ERRORMEASURINGRSAPSA,0,240917144101_ZCL104,1,3.8974669,,,2.052,2.054,5.542,UNKNOWN_BARCODE,1,,,,,,,,,,NaN,0.015,,,,,,,,,,,,,,,,,,,,,,,,,,,,,,,,,,,,-0.0133,178.4338,365.8492,255.796,1.1494,False,0.047, file:/// ,NaN,-0.08,0.000,,,,-1.577,0.060,0.00140,,,,,,,,,,,,,,,0,,,,,,,,,,,0.018,0.018,C&N2306026,,,,,,,,0.7935,,-2147483639,,,,,,,,,,,,
2024-09-26 16:22:24.204,B0416798,B0416798749814400_C,Dn,CMTMB0ND-0,CMTMB0ND-0,0,ConfirmNoSliderInSETS,0,ERRORMEASURINGRSAPSA,0,240917144101_ZCL104,1,,,,1.084,0.000,0.000,,2,,,,,,,,,,NaN,0,,,,,,,,,,,,,,,,,,,,,,,,,,,,,,,,,,,,NaN,178.4340,365.8501,255.796,1.1501,False,0.046, file:/// ,NaN,-0.08,0.000,,,,,,,,,,,,,,,,,,,,,0,,,,,,,,,,,,,,,,,,,,,,,,,,,,,,,,,,,
2024-09-26 16:22:24.407,B0416798,B0416798749814400_C,Dn,CMTMB0ND-0,CMTMB0ND-0,0,Release;NoOperation,0,ERRORMEASURINGRSAPSA,0,240917144101_ZCL104,1,,3.7199963,,,,,,,,,,,,,,,,,,,,,,,,,,,,,,,,,,,,,,,,,,,,,,,,,,,,,,,,,,,,,,,,,,,,,,,,,,,,,,,,,,,,,,,,,,,,,,,,,,,,,,,,,,,,,,,,,,,,,,,
2024-09-26 16:22:28.940,B0416703,B0416703749814400_C,Dn,CMTMB0ND-0,CMTMB0ND-0,0,MeasureRsaPsa,0,ERRORMEASURINGRSAPSA,0,240918053254_ZCL104,0,2.0913002,,,2.047,2.052,3.767,UNKNOWN_BARCODE,1,,,,,,,,,,NaN,0.015,,,,,,,,,,,,,,,,,,,,,,,,,,,,,,,,,,,,-0.0315,178.3282,365.8472,255.764,1.1417,False,0.035, file:/// ,NaN,-0.08,0.000,,,,-1.482,-0.062,0.00188,,,,,,,,,,,,,,,0,,,,,,,,,,,0.019,0.019,C&N2306026,,,,,,,,0.7935,,-2147483638,,,,,,,,,,,,
2024-09-26 16:22:30.016,B0416703,B0416703749814400_C,Dn,CMTMB0ND-0,CMTMB0ND-0,0,ConfirmNoSliderInSETS,0,ERRORMEASURINGRSAPSA,0,240918053254_ZCL104,0,,,,1.076,0.000,0.000,,2,,,,,,,,,,NaN,0,,,,,,,,,,,,,,,,,,,,,,,,,,,,,,,,,,,,NaN,178.3277,365.8480,255.796,1.1421,False,0.034, file:/// ,NaN,-0.08,0.000,,,,,,,,,,,,,,,,,,,,,0,,,,,,,,,,,,,,,,,,,,,,,,,,,,,,,,,,,
2024-09-26 16:22:30.217,B0416703,B0416703749814400_C,Dn,CMTMB0ND-0,CMTMB0ND-0,0,Release;NoOperation,0,ERRORMEASURINGRSAPSA,0,240918053254_ZCL104,0,,3.7185092,,,,,,,,,,,,,,,,,,,,,,,,,,,,,,,,,,,,,,,,,,,,,,,,,,,,,,,,,,,,,,,,,,,,,,,,,,,,,,,,,,,,,,,,,,,,,,,,,,,,,,,,,,,,,,,,,,,,,,,
2024-09-26 16:22:32.917,B042677J,B042677J749814400_C,Dn,CMTMB0ND-0,CMTMB0ND-0,0,Release;NoOperation,0,ERRORMEASURINGRSAPSA,QX2IHBBXR0,240926162145_ZCL102,1,2.0996268,0.6001924,,,,,B042677J,,,,,,,,,,,,,,,,,,,,,,,,,,,,,,,,,,,,,,,,,,,,,,,,,,,,,,,,,,,,,,,,,,,,,,,,,,,,,,,,,,,,,,,,,,,,,,,,,,,,,,,,,,,,,,,,,,
2024-09-26 16:22:38.773,B040274H,B040274H749814400_C,Dn,CMTMB0ND-0,CMTMB0ND-0,0,Release;NoOperation,0,ERRORMEASURINGRSAPSA,QX2IHBC1H2,240926162151_ZCL102,1,5.2919397,0.5691694,,,,,B040274H,,,,,,,,,,,,,,,,,,,,,,,,,,,,,,,,,,,,,,,,,,,,,,,,,,,,,,,,,,,,,,,,,,,,,,,,,,,,,,,,,,,,,,,,,,,,,,,,,,,,,,,,,,,,,,,,,,
2024-09-26 16:22:44.775,B040271T,B040271T749814400_C,Dn,CMTMB0ND-0,CMTMB0ND-0,0,Release;NoOperation,0,ERRORMEASURINGRSAPSA,QX2IHBBXF2,240926162157_ZCL102,1,5.3985107,0.5989797,,,,,B040271T,,,,,,,,,,,,,,,,,,,,,,,,,,,,,,,,,,,,,,,,,,,,,,,,,,,,,,,,,,,,,,,,,,,,,,,,,,,,,,,,,,,,,,,,,,,,,,,,,,,,,,,,,,,,,,,,,,
2024-09-26 16:22:53.370,B041677W,B041677W749814400_C,Dn,CMTMB0ND-0,CMTMB0ND-0,0,Release;NoOperation,0,ERRORMEASURINGRSAPSA,QX2IHBBZT1,240926162202_ZCL102,1,7.978855,0.6200768,,,,,B041677W,,,,,,,,,,,,,,,,,,,,,,,,,,,,,,,,,,,,,,,,,,,,,,,,,,,,,,,,,,,,,,,,,,,,,,,,,,,,,,,,,,,,,,,,,,,,,,,,,,,,,,,,,,,,,,,,,,
2024-09-26 16:23:01.811,B040273F,B040273F749814400_C,Dn,CMTMB0ND-0,CMTMB0ND-0,0,Release;NoOperation,0,ERRORMEASURINGRSAPSA,QX2IHBBXJ2,240926162216_ZCL102,1,7.840513,0.5965009,,,,,B040273F,,,,,,,,,,,,,,,,,,,,,,,,,,,,,,,,,,,,,,,,,,,,,,,,,,,,,,,,,,,,,,,,,,,,,,,,,,,,,,,,,,,,,,,,,,,,,,,,,,,,,,,,,,,,,,,,,,
2024-09-26 16:23:10.221,B040273A,B040273A749814400_C,Dn,CMTMB0ND-0,CMTMB0ND-0,0,Release;NoOperation,0,ERRORMEASURINGRSAPSA,QX2IHBBZH2,240926162221_ZCL102,1,7.8134082,0.5975955,,,,,B040273A,,,,,,,,,,,,,,,,,,,,,,,,,,,,,,,,,,,,,,,,,,,,,,,,,,,,,,,,,,,,,,,,,,,,,,,,,,,,,,,,,,,,,,,,,,,,,,,,,,,,,,,,,,,,,,,,,,
2024-09-26 16:23:18.623,B0426708,B0426708749814400_C,Dn,CMTMB0ND-0,CMTMB0ND-0,0,Release;NoOperation,0,ERRORMEASURINGRSAPSA,QX2IHBBXX1,240926162227_ZCL102,1,7.8170474,0.5835478,,,,,B0426708,,,,,,,,,,,,,,,,,,,,,,,,,,,,,,,,,,,,,,,,,,,,,,,,,,,,,,,,,,,,,,,,,,,,,,,,,,,,,,,,,,,,,,,,,,,,,,,,,,,,,,,,,,,,,,,,,,
2024-09-26 16:23:27.035,B0416798,B0416798749814400_C,Dn,CMTMB0ND-0,CMTMB0ND-0,0,Release;NoOperation,0,ERRORMEASURINGRSAPSA,QX2IHBBYT1,240926162233_ZCL102,1,7.8108669,0.6034537,,,,,B0416798,,,,,,,,,,,,,,,,,,,,,,,,,,,,,,,,,,,,,,,,,,,,,,,,,,,,,,,,,,,,,,,,,,,,,,,,,,,,,,,,,,,,,,,,,,,,,,,,,,,,,,,,,,,,,,,,,,
2024-09-26 16:23:35.478,B0416703,B0416703749814400_C,Dn,CMTMB0ND-0,CMTMB0ND-0,0,Release;NoOperation,0,ERRORMEASURINGRSAPSA,QX2IHBBXL1,240926162239_ZCL102,1,7.8677519,0.5725054,,,,,B0416703,,,,,,,,,,,,,,,,,,,,,,,,,,,,,,,,,,,,,,,,,,,,,,,,,,,,,,,,,,,,,,,,,,,,,,,,,,,,,,,,,,,,,,,,,,,,,,,,,,,,,,,,,,,,,,,,,,
2024-09-26 16:23:43.887,B042672V,B042672V749814400_C,Dn,CMTMB0ND-0,CMTMB0ND-0,16,Release;NoOperation,303,SLIDERFINDRECIPEFAILED,QX2IHBBXV0,240926162209_ZCL102,0,7.851541,0.5597658,,,,,B042672V,,,,,,,,,,,,,,,,,,,,,,,,,,,,,,,,,,,,,,,,,,,,,,,,,,,,,,,,,,,,,,,,,,,,,,,,,,,,,,,,,,,,,,,,,,,,,,,,,,,,,,,,,,,,,,,,,,
2024-09-26 16:23:52.242,B042677J,B042677J749814400_C,Dn,CMTMB0ND-0,CMTMB0ND-0,0,Release;NoOperation,0,ERRORMEASURINGRSAPSA,QX2IHBBXR0,240926162248_ZCL102,2,7.7521552,0.6047822,,,,,B042677J,,,,,,,,,,,,,,,,,,,,,,,,,,,,,,,,,,,,,,,,,,,,,,,,,,,,,,,,,,,,,,,,,,,,,,,,,,,,,,,,,,,,,,,,,,,,,,,,,,,,,,,,,,,,,,,,,,
2024-09-26 16:24:00.913,B040274H,B040274H749814400_C,Dn,CMTMB0ND-0,CMTMB0ND-0,0,Release;NoOperation,0,ERRORMEASURINGRSAPSA,QX2IHBC1H2,240926162256_ZCL102,2,8.0650359,0.6039539,,,,,B040274H,,,,,,,,,,,,,,,,,,,,,,,,,,,,,,,,,,,,,,,,,,,,,,,,,,,,,,,,,,,,,,,,,,,,,,,,,,,,,,,,,,,,,,,,,,,,,,,,,,,,,,,,,,,,,,,,,,
2024-09-26 16:24:04.026,B040271T,B040271T749814400_C,Dn,CMTMB0ND-0,CMTMB0ND-0,0,Release;NoOperation,0,ERRORMEASURINGRSAPSA,QX2IHBBXF2,240926162305_ZCL102,2,2.5426385,0.5694795,,,,,B040271T,,,,,,,,,,,,,,,,,,,,,,,,,,,,,,,,,,,,,,,,,,,,,,,,,,,,,,,,,,,,,,,,,,,,,,,,,,,,,,,,,,,,,,,,,,,,,,,,,,,,,,,,,,,,,,,,,,
2024-09-26 16:24:12.420,B040273F,B040273F749814400_C,Dn,CMTMB0ND-0,CMTMB0ND-0,0,Release;NoOperation,0,ERRORMEASURINGRSAPSA,QX2IHBBXJ2,240926162321_ZCL102,2,7.8074033,0.5885206,,,,,B040273F,,,,,,,,,,,,,,,,,,,,,,,,,,,,,,,,,,,,,,,,,,,,,,,,,,,,,,,,,,,,,,,,,,,,,,,,,,,,,,,,,,,,,,,,,,,,,,,,,,,,,,,,,,,,,,,,,,
2024-09-26 16:24:20.841,B040273A,B040273A749814400_C,Dn,CMTMB0ND-0,CMTMB0ND-0,0,Release;NoOperation,0,ERRORMEASURINGRSAPSA,QX2IHBBZH2,240926162330_ZCL102,2,7.8601136,0.5584873,,,,,B040273A,,,,,,,,,,,,,,,,,,,,,,,,,,,,,,,,,,,,,,,,,,,,,,,,,,,,,,,,,,,,,,,,,,,,,,,,,,,,,,,,,,,,,,,,,,,,,,,,,,,,,,,,,,,,,,,,,,
2024-09-26 16:24:29.261,B0426708,B0426708749814400_C,Dn,CMTMB0ND-0,CMTMB0ND-0,0,Release;NoOperation,0,ERRORMEASURINGRSAPSA,QX2IHBBXX1,240926162338_ZCL102,2,7.8438428,0.5757847,,,,,B0426708,,,,,,,,,,,,,,,,,,,,,,,,,,,,,,,,,,,,,,,,,,,,,,,,,,,,,,,,,,,,,,,,,,,,,,,,,,,,,,,,,,,,,,,,,,,,,,,,,,,,,,,,,,,,,,,,,,
2024-09-26 16:24:37.703,B0416798,B0416798749814400_C,Dn,CMTMB0ND-0,CMTMB0ND-0,0,Release;NoOperation,0,ERRORMEASURINGRSAPSA,QX2IHBBYT1,240926162347_ZCL102,2,7.8680202,0.5733092,,,,,B0416798,,,,,,,,,,,,,,,,,,,,,,,,,,,,,,,,,,,,,,,,,,,,,,,,,,,,,,,,,,,,,,,,,,,,,,,,,,,,,,,,,,,,,,,,,,,,,,,,,,,,,,,,,,,,,,,,,,
2024-09-26 16:24:46.107,B0416703,B0416703749814400_C,Dn,CMTMB0ND-0,CMTMB0ND-0,0,Release;NoOperation,0,ERRORMEASURINGRSAPSA,QX2IHBBXL1,240926162355_ZCL102,2,7.833585,0.5746578,,,,,B0416703,,,,,,,,,,,,,,,,,,,,,,,,,,,,,,,,,,,,,,,,,,,,,,,,,,,,,,,,,,,,,,,,,,,,,,,,,,,,,,,,,,,,,,,,,,,,,,,,,,,,,,,,,,,,,,,,,,
2024-09-26 16:24:54.496,B040274H,B040274H749814400_C,Dn,CMTMB0ND-0,CMTMB0ND-0,0,Release;NoOperation,0,ERRORMEASURINGRSAPSA,QX2IHBC1H2,240926162415_ZCL102,3,7.8143986,0.573319,,,,,B040274H,,,,,,,,,,,,,,,,,,,,,,,,,,,,,,,,,,,,,,,,,,,,,,,,,,,,,,,,,,,,,,,,,,,,,,,,,,,,,,,,,,,,,,,,,,,,,,,,,,,,,,,,,,,,,,,,,,
2024-09-26 16:25:02.889,B042672V,B042672V749814400_C,Dn,CMTMB0ND-0,CMTMB0ND-0,16,Release;NoOperation,303,SLIDERFINDRECIPEFAILED,QX2IHBBXV0,240926162209_ZCL102,0,7.8198261,0.5713585,,,,,B042672V,,,,,,,,,,,,,,,,,,,,,,,,,,,,,,,,,,,,,,,,,,,,,,,,,,,,,,,,,,,,,,,,,,,,,,,,,,,,,,,,,,,,,,,,,,,,,,,,,,,,,,,,,,,,,,,,,,
2024-09-26 16:25:20.472,B0426708,B0426708749814400_C,Dn,CMTMB0ND-0,CMTMB0ND-0,0,Release;NoOperation,0,ERRORMEASURINGRSAPSA,QX2IHBBXX1,240926162449_ZCL102,3,17.0144283,0.5715481,,,,,B0426708,,,,,,,,,,,,,,,,,,,,,,,,,,,,,,,,,,,,,,,,,,,,,,,,,,,,,,,,,,,,,,,,,,,,,,,,,,,,,,,,,,,,,,,,,,,,,,,,,,,,,,,,,,,,,,,,,,
2024-09-26 16:25:26.422,B041677W,B041677W749814400_C,Dn,CMTMB0ND-0,CMTMB0ND-0,256,Release;NoOperation,0,ERRORMEASURINGRSAPSA,QX2IHBBZT1,240926162313_ZCL102,1,5.375129,0.5710342,,,,,B041677W,,,,,,,,,,,,,,,,,,,,,,,,,,,,,,,,,,,,,,,,,,,,,,,,,,,,,,,,,,,,,,,,,,,,,,,,,,,,,,,,,,,,,,,,,,,,,,,,,,,,,,,,,,,,,,,,,,
2024-09-26 16:25:37.386,B0416703,B0416703749814400_C,Dn,CMTMB0ND-0,CMTMB0ND-0,0,Release;NoOperation,0,ERRORMEASURINGRSAPSA,QX2IHBBXL1,240926162506_ZCL102,3,10.4073905,0.556759,,,,,B0416703,,,,,,,,,,,,,,,,,,,,,,,,,,,,,,,,,,,,,,,,,,,,,,,,,,,,,,,,,,,,,,,,,,,,,,,,,,,,,,,,,,,,,,,,,,,,,,,,,,,,,,,,,,,,,,,,,,
2024-09-26 16:26:16.826,B042672V,B042672V749814400_C,Dn,CMTMB0ND-0,CMTMB0ND-0,16,Release;NoOperation,303,SLIDERFINDRECIPEFAILED,QX2IHBBXV0,240926162209_ZCL102,0,38.8972654,0.5490904,,,,,B042672V,,,,,,,,,,,,,,,,,,,,,,,,,,,,,,,,,,,,,,,,,,,,,,,,,,,,,,,,,,,,,,,,,,,,,,,,,,,,,,,,,,,,,,,,,,,,,,,,,,,,,,,,,,,,,,,,,,
2024-09-26 16:27:18.288,B042672V,B042672V749814400_C,Dn,CMTMB0ND-0,CMTMB0ND-0,16,Release;NoOperation,303,SLIDERFINDRECIPEFAILED,QX2IHBBXV0,240926162209_ZCL102,0,60.8825336,0.5727108,,,,,B042672V,,,,,,,,,,,,,,,,,,,,,,,,,,,,,,,,,,,,,,,,,,,,,,,,,,,,,,,,,,,,,,,,,,,,,,,,,,,,,,,,,,,,,,,,,,,,,,,,,,,,,,,,,,,,,,,,,,
2024-09-26 16:28:03.344,B042677J,B042677J749814400_C,Dn,CMTMB0ND-0,CMTMB0ND-0,0,MeasureRsaPsa,0,ERRORMEASURINGRSAPSA,QX2IHBBXR0,240926162407_ZCL102,2,42.901719,,,1.779,1.798,332.605,B042677J,1,178.3148,365.9108,255.717,-1.4014,-0.0169,255.717,True,0.084, file:/// ,NaN,0.015,,,,,,,,,,,,,,,,,,,,,,,,,,,,,,,,,,,,0.0223,,,,,,,,NaN,-0.08,0.000,,,,,,,-0.296,0.309,0.00178,0.272,0.349,0.00013,0.0093,0.0031,0.0036,0.0098,0.5682,0.0405,0.272,0.349,0,,,,,,,,,,,,,C&N2306026,,,,,,,,0.7935,,-2147483637,,,,,,,,,,,,
2024-09-26 16:28:05.731,B042677J,B042677J749814400_C,Dn,CMTMB0ND-0,CMTMB0ND-0,0,Unload,0,ERRORMEASURINGRSAPSA,0,240926162407_ZCL102,2,,,,2.386,1.648,0.671,,2,178.3150,365.9112,255.720,-1.4010,-0.0169,255.720,True,0.081, file:/// ,-6.7676,0.015,,,,,,,,,,,,,,,,,,,,,,,,,,,,,,,,,,,,0.0223,,,,,,,,NaN,-0.08,0.000,,,,,,,,,,,,,,,,,,,,,0,,,,,,,,,0.235,0.277,,,C&N2306026,,,,,,,0.03725,0.7935,,-2147483636,,,,,,,,,,,,
2024-09-26 16:28:05.840,B042677J,B042677J749814400_C,Dn,CMTMB0ND-0,CMTMB0ND-0,0,Release;NoOperation,0,ERRORMEASURINGRSAPSA,0,240926162407_ZCL102,2,,4.6505773,,,,,,,,,,,,,,,,,,,,,,,,,,,,,,,,,,,,,,,,,,,,,,,,,,,,,,,,,,,,,,,,,,,,,,,,,,,,,,,,,,,,,,,,,,,,,,,,,,,,,,,,,,,,,,,,,,,,,,,
2024-09-26 16:28:20.849,B040271T,B040271T749814400_C,Dn,CMTMB0ND-0,CMTMB0ND-0,0,MeasureRsaPsa,0,ERRORMEASURINGRSAPSA,QX2IHBBXF2,240926162424_ZCL102,2,12.5960373,,,2.036,13.034,2.153,B040271T,1,178.1430,365.9386,255.805,-1.3994,-0.0260,255.805,True,0.094, file:/// ,NaN,0.015,,,,,,,,,,,,,,,,,,,,,,,,,,,,,,,,,,,,0.0182,,,,,,,,NaN,-0.08,0.000,,,,,,,-0.878,0.554,0.00050,-0.229,0.104,0.00000,0.0084,0.0013,-0.0042,0.0029,0.6492,-0.4494,-0.229,0.104,0,,,,,,,,,,,,,C&N2306026,,,,,,,0.018,0.7935,,-2147483635,,,,,,,,,,,,
2024-09-26 16:28:23.224,B040271T,B040271T749814400_C,Dn,CMTMB0ND-0,CMTMB0ND-0,0,Unload,0,ERRORMEASURINGRSAPSA,0,240926162424_ZCL102,2,,,,2.374,1.633,0.671,,2,178.1439,365.9405,255.813,-1.3987,-0.0258,255.813,True,0.081, file:/// ,-6.8244,0.015,,,,,,,,,,,,,,,,,,,,,,,,,,,,,,,,,,,,0.0182,,,,,,,,NaN,-0.08,0.000,,,,,,,,,,,,,,,,,,,,,0,,,,,,,,,0.237,0.279,,,C&N2306026,,,,,,,0.036,0.7935,,-2147483634,,,,,,,,,,,,
2024-09-26 16:28:23.349,B040271T,B040271T749814400_C,Dn,CMTMB0ND-0,CMTMB0ND-0,0,Release;NoOperation,0,ERRORMEASURINGRSAPSA,0,240926162424_ZCL102,2,,4.9141276,,,,,,,,,,,,,,,,,,,,,,,,,,,,,,,,,,,,,,,,,,,,,,,,,,,,,,,,,,,,,,,,,,,,,,,,,,,,,,,,,,,,,,,,,,,,,,,,,,,,,,,,,,,,,,,,,,,,,,,
2024-09-26 16:28:24.708,B042672V,B042672V749814400_C,Dn,CMTMB0ND-0,CMTMB0ND-0,16,Release;NoOperation,303,SLIDERFINDRECIPEFAILED,QX2IHBBXV0,240926162209_ZCL102,0,0.8018045,0.5553999,,,,,B042672V,,,,,,,,,,,,,,,,,,,,,,,,,,,,,,,,,,,,,,,,,,,,,,,,,,,,,,,,,,,,,,,,,,,,,,,,,,,,,,,,,,,,,,,,,,,,,,,,,,,,,,,,,,,,,,,,,,
2024-09-26 16:28:33.097,B040273F,B040273F749814400_C,Dn,CMTMB0ND-0,CMTMB0ND-0,0,MeasureRsaPsa,0,ERRORMEASURINGRSAPSA,QX2IHBBXJ2,240926162432_ZCL102,2,5.8324266,,,2.186,4.357,5.587,B040273F,1,178.2600,365.9362,255.733,-1.4009,-0.0267,255.733,True,0.059, file:/// ,NaN,0.015,,,,,,,,,,,,,,,,,,,,,,,,,,,,,,,,,,,,0.0172,,,,,,,,NaN,-0.08,0.000,,,,,,,-0.095,0.452,0.00025,0.029,0.093,0.00011,0.0043,0.0030,-0.0014,-0.0001,0.1241,-0.3594,0.029,0.093,0,,,,,,,,,,,,,C&N2306026,,,,,,,0.018,0.7935,,-2147483633,,,,,,,,,,,,
2024-09-26 16:28:35.471,B040273F,B040273F749814400_C,Dn,CMTMB0ND-0,CMTMB0ND-0,0,Unload,0,ERRORMEASURINGRSAPSA,0,240926162432_ZCL102,2,,,,2.368,1.636,0.655,,2,178.2601,365.9370,255.727,-1.4009,-0.0270,255.727,True,0.032, file:/// ,-6.7740,0.015,,,,,,,,,,,,,,,,,,,,,,,,,,,,,,,,,,,,0.0172,,,,,,,,NaN,-0.08,0.000,,,,,,,,,,,,,,,,,,,,,0,,,,,,,,,0.199,0.289,,,C&N2306026,,,,,,,0.036,0.7935,,-2147483632,,,,,,,,,,,,
2024-09-26 16:28:35.580,B040273F,B040273F749814400_C,Dn,CMTMB0ND-0,CMTMB0ND-0,0,Release;NoOperation,0,ERRORMEASURINGRSAPSA,0,240926162432_ZCL102,2,,5.0405216,,,,,,,,,,,,,,,,,,,,,,,,,,,,,,,,,,,,,,,,,,,,,,,,,,,,,,,,,,,,,,,,,,,,,,,,,,,,,,,,,,,,,,,,,,,,,,,,,,,,,,,,,,,,,,,,,,,,,,,
2024-09-26 16:28:40.204,B040273A,B040273A749814400_C,Dn,CMTMB0ND-0,CMTMB0ND-0,0,MeasureRsaPsa,0,ERRORMEASURINGRSAPSA,QX2IHBBZH2,240926162440_ZCL102,2,2.2421552,,,2.026,4.148,0.668,B040273A,1,178.1860,365.9380,255.751,-1.3999,-0.0275,255.751,True,0.006, file:/// ,NaN,0.015,,,,,,,,,,,,,,,,,,,,,,,,,,,,,,,,,,,,0.0153,,,,,,,,NaN,-0.08,0.000,,,,,,,0.315,0.022,0.00057,0.038,0.027,0.00019,0.0022,0.0052,0.0053,0.0022,-0.2769,0.0050,0.038,0.027,0,,,,,,,,,,,,,C&N2306026,,,,,,,0.01675,0.7935,,-2147483631,,,,,,,,,,,,
2024-09-26 16:28:42.641,B040273A,B040273A749814400_C,Dn,CMTMB0ND-0,CMTMB0ND-0,0,Unload,0,ERRORMEASURINGRSAPSA,0,240926162440_ZCL102,2,,,,2.426,1.684,0.670,,2,178.1862,365.9390,255.757,-1.4001,-0.0275,255.757,True,0.012, file:/// ,-6.7676,0.015,,,,,,,,,,,,,,,,,,,,,,,,,,,,,,,,,,,,0.0153,,,,,,,,NaN,-0.08,0.000,,,,,,,,,,,,,,,,,,,,,0,,,,,,,,,0.228,0.294,,,C&N2306026,,,,,,,0.03475,0.7935,,-2147483630,,,,,,,,,,,,
2024-09-26 16:28:42.735,B040273A,B040273A749814400_C,Dn,CMTMB0ND-0,CMTMB0ND-0,0,Release;NoOperation,0,ERRORMEASURINGRSAPSA,0,240926162440_ZCL102,2,,4.909131,,,,,,,,,,,,,,,,,,,,,,,,,,,,,,,,,,,,,,,,,,,,,,,,,,,,,,,,,,,,,,,,,,,,,,,,,,,,,,,,,,,,,,,,,,,,,,,,,,,,,,,,,,,,,,,,,,,,,,,
2024-09-26 16:28:57.497,B0416798,B0416798749814400_C,Dn,CMTMB0ND-0,CMTMB0ND-0,0,MeasureRsaPsa,0,ERRORMEASURINGRSAPSA,QX2IHBBYT1,240926162457_ZCL102,2,12.3364533,,,2.056,4.205,10.734,B0416798,1,178.3116,365.9132,255.791,-1.4020,-0.0256,255.791,True,0.056, file:/// ,NaN,0.015,,,,,,,,,,,,,,,,,,,,,,,,,,,,,,,,,,,,0.0188,,,,,,,,NaN,-0.08,0.000,,,,,,,-1.098,0.283,0.00082,-0.473,0.114,0.00003,0.0061,-0.0007,-0.0028,0.0041,0.6253,-0.1691,-0.473,0.114,0,,,,,,,,,,,,,C&N2306026,,,,,,,0.01525,0.7935,,-2147483629,,,,,,,,,,,,
2024-09-26 16:28:59.887,B0416798,B0416798749814400_C,Dn,CMTMB0ND-0,CMTMB0ND-0,0,Unload,0,ERRORMEASURINGRSAPSA,0,240926162457_ZCL102,2,,,,2.390,1.647,0.672,,2,178.3117,365.9140,255.800,-1.4020,-0.0255,255.800,True,0.052, file:/// ,-6.7894,0.015,,,,,,,,,,,,,,,,,,,,,,,,,,,,,,,,,,,,0.0188,,,,,,,,NaN,-0.08,0.000,,,,,,,,,,,,,,,,,,,,,0,,,,,,,,,0.203,0.258,,,C&N2306026,,,,,,,0.03325,0.7935,,-2147483628,,,,,,,,,,,,
2024-09-26 16:28:59.997,B0416798,B0416798749814400_C,Dn,CMTMB0ND-0,CMTMB0ND-0,0,Release;NoOperation,0,ERRORMEASURINGRSAPSA,0,240926162457_ZCL102,2,,4.9287556,,,,,,,,,,,,,,,,,,,,,,,,,,,,,,,,,,,,,,,,,,,,,,,,,,,,,,,,,,,,,,,,,,,,,,,,,,,,,,,,,,,,,,,,,,,,,,,,,,,,,,,,,,,,,,,,,,,,,,,
2024-09-26 16:29:17.571,B040274H,B040274H749814400_C,Dn,CMTMB0ND-0,CMTMB0ND-0,0,MeasureRsaPsa,0,ERRORMEASURINGRSAPSA,QX2IHBC1H2,240926162514_ZCL102,3,15.1412477,,,2.046,4.149,13.606,B040274H,1,178.2576,365.9162,255.688,-1.4022,-0.0205,255.688,True,0.088, file:/// ,NaN,0.015,,,,,,,,,,,,,,,,,,,,,,,,,,,,,,,,,,,,0.0183,,,,,,,,NaN,-0.08,0.000,,,,,,,-0.344,0.166,0.00255,-0.286,-0.085,0.00004,0.0034,0.0028,-0.0003,0.0003,0.0573,-0.2504,-0.286,-0.085,0,,,,,,,,,,,,,C&N2306026,,,,,,,0.018,0.7935,,-2147483627,,,,,,,,,,,,
2024-09-26 16:29:19.993,B040274H,B040274H749814400_C,Dn,CMTMB0ND-0,CMTMB0ND-0,0,Unload,0,ERRORMEASURINGRSAPSA,0,240926162514_ZCL102,3,,,,2.410,1.642,0.692,,2,178.2580,365.9167,255.688,-1.4019,-0.0205,255.688,True,0.084, file:/// ,-6.7930,0.015,,,,,,,,,,,,,,,,,,,,,,,,,,,,,,,,,,,,0.0183,,,,,,,,NaN,-0.08,0.000,,,,,,,,,,,,,,,,,,,,,0,,,,,,,,,0.228,0.282,,,C&N2306026,,,,,,,0.032,0.7935,,-2147483626,,,,,,,,,,,,
2024-09-26 16:29:20.087,B040274H,B040274H749814400_C,Dn,CMTMB0ND-0,CMTMB0ND-0,0,Release;NoOperation,0,ERRORMEASURINGRSAPSA,0,240926162514_ZCL102,3,,4.9484798,,,,,,,,,,,,,,,,,,,,,,,,,,,,,,,,,,,,,,,,,,,,,,,,,,,,,,,,,,,,,,,,,,,,,,,,,,,,,,,,,,,,,,,,,,,,,,,,,,,,,,,,,,,,,,,,,,,,,,,
2024-09-26 16:29:27.851,B0426708,B0426708749814400_C,Dn,CMTMB0ND-0,CMTMB0ND-0,0,MeasureRsaPsa,0,ERRORMEASURINGRSAPSA,QX2IHBBXX1,240926162526_ZCL102,3,5.3790537,,,2.030,4.026,3.920,B0426708,1,178.2564,365.9125,255.794,-1.4000,-0.0198,255.794,True,0.002, file:/// ,NaN,0.015,,,,,,,,,,,,,,,,,,,,,,,,,,,,,,,,,,,,0.0186,,,,,,,,NaN,-0.08,0.000,,,,,,,-0.363,0.172,0.00095,-0.196,0.622,0.00010,0.0044,0.0026,0.0081,0.0099,0.1671,0.4499,-0.196,0.622,0,,,,,,,,,,,,,C&N2306026,,,,,,,0.0195,0.7935,,-2147483625,,,,,,,,,,,,
2024-09-26 16:29:30.241,B0426708,B0426708749814400_C,Dn,CMTMB0ND-0,CMTMB0ND-0,0,Unload,0,ERRORMEASURINGRSAPSA,0,240926162526_ZCL102,3,,,,2.390,1.646,0.671,,2,178.2568,365.9138,255.789,-1.4008,-0.0201,255.789,True,0.007, file:/// ,-6.7400,0.015,,,,,,,,,,,,,,,,,,,,,,,,,,,,,,,,,,,,0.0186,,,,,,,,NaN,-0.08,0.000,,,,,,,,,,,,,,,,,,,,,0,,,,,,,,,0.189,0.262,,,C&N2306026,,,,,,,0.03175,0.7935,,-2147483624,,,,,,,,,,,,
2024-09-26 16:29:30.350,B0426708,B0426708749814400_C,Dn,CMTMB0ND-0,CMTMB0ND-0,0,Release;NoOperation,0,ERRORMEASURINGRSAPSA,0,240926162526_ZCL102,3,,4.8853243,,,,,,,,,,,,,,,,,,,,,,,,,,,,,,,,,,,,,,,,,,,,,,,,,,,,,,,,,,,,,,,,,,,,,,,,,,,,,,,,,,,,,,,,,,,,,,,,,,,,,,,,,,,,,,,,,,,,,,,
2024-09-26 16:29:31.678,B042672V,B042672V749814400_C,Dn,CMTMB0ND-0,CMTMB0ND-0,16,Release;NoOperation,303,SLIDERFINDRECIPEFAILED,QX2IHBBXV0,240926162209_ZCL102,0,0.7742088,0.5520987,,,,,B042672V,,,,,,,,,,,,,,,,,,,,,,,,,,,,,,,,,,,,,,,,,,,,,,,,,,,,,,,,,,,,,,,,,,,,,,,,,,,,,,,,,,,,,,,,,,,,,,,,,,,,,,,,,,,,,,,,,,
2024-09-26 16:29:37.161,B041677W,B041677W749814400_C,Dn,CMTMB0ND-0,CMTMB0ND-0,0,MeasureRsaPsa,0,ERRORMEASURINGRSAPSA,QX2IHBBZT1,240926162534_ZCL102,1,3.0053705,,,2.090,4.225,2.752,B041677W,1,178.1923,365.9070,255.775,-1.4015,-0.0247,255.775,True,0.075, file:/// ,NaN,0.015,,,,,,,,,,,,,,,,,,,,,,,,,,,,,,,,,,,,0.0212,,,,,,,,NaN,-0.08,0.000,,,,,,,-0.439,0.522,0.00010,0.038,0.256,0.00024,0.0104,0.0052,0.0019,0.0071,0.4774,-0.2664,0.038,0.256,0,,,,,,,,,,,,,C&N2306026,,,,,,,0.018,0.7935,,-2147483623,,,,,,,,,,,,
2024-09-26 16:29:39.520,B041677W,B041677W749814400_C,Dn,CMTMB0ND-0,CMTMB0ND-0,0,Unload,0,ERRORMEASURINGRSAPSA,0,240926162534_ZCL102,1,,,,2.364,1.647,0.655,,2,178.1923,365.9078,255.781,-1.4018,-0.0248,255.781,True,0.082, file:/// ,-6.8285,0.015,,,,,,,,,,,,,,,,,,,,,,,,,,,,,,,,,,,,0.0212,,,,,,,,NaN,-0.08,0.000,,,,,,,,,,,,,,,,,,,,,0,,,,,,,,,0.208,0.281,,,C&N2306026,,,,,,,0.03325,0.7935,,-2147483622,,,,,,,,,,,,
2024-09-26 16:29:39.629,B041677W,B041677W749814400_C,Dn,CMTMB0ND-0,CMTMB0ND-0,0,Release;NoOperation,0,ERRORMEASURINGRSAPSA,0,240926162534_ZCL102,1,,4.9455764,,,,,,,,,,,,,,,,,,,,,,,,,,,,,,,,,,,,,,,,,,,,,,,,,,,,,,,,,,,,,,,,,,,,,,,,,,,,,,,,,,,,,,,,,,,,,,,,,,,,,,,,,,,,,,,,,,,,,,,
2024-09-26 16:29:46.487,B0416703,B0416703749814400_C,Dn,CMTMB0ND-0,CMTMB0ND-0,0,MeasureRsaPsa,0,ERRORMEASURINGRSAPSA,QX2IHBBXL1,240926162543_ZCL102,3,4.4317006,,,2.044,4.089,2.951,B0416703,1,178.3026,365.9142,255.759,-1.3990,-0.0186,255.759,True,0.041, file:/// ,NaN,0.015,,,,,,,,,,,,,,,,,,,,,,,,,,,,,,,,,,,,0.0140,,,,,,,,NaN,-0.08,0.000,,,,,,,-0.048,0.570,0.00002,-0.291,0.303,0.00001,0.0073,0.0100,0.0067,0.0040,-0.2435,-0.2663,-0.291,0.303,0,,,,,,,,,,,,,C&N2306026,,,,,,,0.01675,0.7935,,-2147483621,,,,,,,,,,,,
2024-09-26 16:29:48.861,B0416703,B0416703749814400_C,Dn,CMTMB0ND-0,CMTMB0ND-0,0,Unload,0,ERRORMEASURINGRSAPSA,0,240926162543_ZCL102,3,,,,2.372,1.634,0.671,,2,178.3035,365.9138,255.777,-1.3989,-0.0184,255.777,True,0.056, file:/// ,-6.7418,0.015,,,,,,,,,,,,,,,,,,,,,,,,,,,,,,,,,,,,0.0140,,,,,,,,NaN,-0.08,0.000,,,,,,,,,,,,,,,,,,,,,0,,,,,,,,,0.196,0.285,,,C&N2306026,,,,,,,0.03325,0.7935,,-2147483620,,,,,,,,,,,,
2024-09-26 16:29:48.971,B0416703,B0416703749814400_C,Dn,CMTMB0ND-0,CMTMB0ND-0,0,Release;NoOperation,0,ERRORMEASURINGRSAPSA,0,240926162543_ZCL102,3,,4.9138064,,,,,,,,,,,,,,,,,,,,,,,,,,,,,,,,,,,,,,,,,,,,,,,,,,,,,,,,,,,,,,,,,,,,,,,,,,,,,,,,,,,,,,,,,,,,,,,,,,,,,,,,,,,,,,,,,,,,,,,
2024-09-26 16:30:36.154,B042672V,B042672V749814400_C,Dn,CMTMB0ND-0,CMTMB0ND-0,16,Release;NoOperation,303,SLIDERFINDRECIPEFAILED,QX2IHBBXV0,240926162209_ZCL102,0,46.6217803,0.5609554,,,,,B042672V,,,,,,,,,,,,,,,,,,,,,,,,,,,,,,,,,,,,,,,,,,,,,,,,,,,,,,,,,,,,,,,,,,,,,,,,,,,,,,,,,,,,,,,,,,,,,,,,,,,,,,,,,,,,,,,,,,
